input_index,input_x1,input_y1,input_theta0,input_theta1,output_v0,output_delta0
0,-0.0999999999999998,0.15,1.5707963267948966,1.5707963267948966,0.019544251,0.075625524
1,-0.09994036461456857,0.15986211844545156,1.6086090887573103,1.5590093662752293,-0.030871123,0.12263872
31,-0.37505517329333826,1.9705235416606222,1.2407530220833163,1.4136710247776665,0.17504829,0.07028459
0,-0.0999999999999998,0.1722222222222222,1.5707963267948966,1.5707963267948966,0.018476937,0.04700079
1,-0.09996511964611735,0.18149556626411273,1.5942967208710055,1.5634416140841036,-0.016656004,0.07822336
31,-0.374941535079643,1.9259747214615537,1.2548774080958705,1.4326422534172587,0.16491511,-0.04645279
0,-0.0999999999999998,0.1944444444444444,1.5707963267948966,1.5707963267948966,0.01941858,0.029987626
1,-0.09997673147654394,0.20416789334410101,1.5857901396837573,1.5661187487080557,-0.0034182854,0.04875829
31,-0.38484072237118877,1.880875484926999,1.2748651905593018,1.4579465997050631,0.16295287,-0.06194468
0,-0.0999999999999998,0.2166666666666666,1.5707963267948966,1.5707963267948966,0.020565042,0.014308512
1,-0.09998829017834936,0.22695240056771185,1.5779505829003195,1.5685732318037395,0.009527881,0.019823678
32,-0.39179877388736106,1.8624258444354633,1.28427600214747,1.470306630218793,0.16394606,-0.06397788
0,-0.0999999999999998,0.2388888888888888,1.5707963267948966,1.5707963267948966,0.017785113,0.002335064
2,-0.09999489006840732,0.2559830894948269,1.5724293972041945,1.5703245890578919,0.017841868,-0.00092529505
7,-0.10002731565226701,0.32017825945949313,1.5700789290156703,1.5706440647327735,0.022859728,0.0148522705
8,-0.1000120137333314,0.33161117660622413,1.5775050642576556,1.5683338402518923,0.009954918,0.023745291
0,-0.0999999999999998,0.2611111111111111,1.5707963267948966,1.5707963267948966,0.021907594,-0.004106961
1,-0.10000356815665405,0.2720651717840793,1.5687428461995463,1.5714314370299074,0.029173836,-0.006990969
5,-0.1000488147571543,0.3316861604218902,1.5740634548154215,1.5686685901547393,0.013764901,0.023203053
6,-0.10002162943122148,0.3385829971030918,1.5856649811055998,1.5651002109829488,-0.0062991604,0.034860983
0,-0.0999999999999998,0.2833333333333333,1.5707963267948966,1.5707963267948966,0.028643357,-0.0038784817
1,-0.10000433780037396,0.29765524215818484,1.568857085951839,1.5713819920782737,0.028929753,0.002655521
6,-0.10019574300677436,0.3165069064271992,1.6235884028163294,1.550692759521963,-0.073811606,0.09393851
7,-0.10141882286177982,0.28037181756845586,1.6705576563861708,1.5216143444500927,-0.13258994,0.16235264
32,-0.4125361289864489,1.7879724560318464,1.3293549148973565,1.5275416376148911,0.16677475,-0.07716608
0,-0.0999999999999998,0.3055555555555556,1.5707963267948966,1.5707963267948966,0.025277864,0.0071136206
1,-0.09999292352984189,0.31819527080926874,1.5743531371143202,1.569709237602499,0.0178069,0.015044503
6,-0.10362417370519489,0.2435342726570813,1.713016447671924,1.4861568451911011,-0.18267241,0.2292758
32,-0.3978925778108249,1.9010713452608397,1.2754223617401461,1.4664052869496278,0.16572416,-0.06497203
0,-0.0999999999999998,0.3277777777777778,1.5707963267948966,1.5707963267948966,0.02112076,0.018602915
1,-0.09998438014741608,0.3383435798181131,1.5800977843489985,1.567911658193529,0.0056089964,0.027821578
5,-0.1045472111876323,0.24596929001329748,1.7261137152698378,1.473365123730956,-0.1888206,0.24733363
31,-0.3955988482493817,1.9319361742981833,1.2633911418404917,1.4527452046293061,0.16528597,-0.06290811
0,-0.0999999999999998,0.35,1.5707963267948966,1.5707963267948966,0.016050665,0.030964613
1,-0.09997997582825524,0.35804057864291416,1.5862786332753043,1.5659095722180891,-0.0074379817,0.040797636
30,-0.39686612876055144,1.942159280053,1.2610109309342246,1.4520925991124185,0.16586733,-0.06329352
0,-0.0777777777777776,0.15,1.5707963267948966,1.5707963267948966,-0.008115489,0.09520483
2,-0.07910203346131166,0.11115651593071849,1.7056127126005034,1.51016981859209,-0.111477174,0.26525325
3,-0.08425616179228552,0.062453298326317366,1.8382393355157713,1.4119835091304431,-0.10906891,0.30676928
4,-0.09251067333814464,0.025913373189117017,1.9916239763286452,1.2713258850610432,0.08728594,0.27862763
5,-0.0816089275404709,0.0657082640579048,2.130937793352876,1.3375539782115673,0.15296021,0.1427663
6,-0.0723569437485197,0.1257671709640459,2.202320941784654,1.4937748921792124,0.1385917,0.053857945
7,-0.07191146647406335,0.18234437095013015,2.229249914237533,1.6270551247805918,0.14557287,-0.060633793
30,-0.3554897775391549,1.8681304528594538,1.2688428285208087,1.451308625316841,0.16187811,-0.061084732
0,-0.0777777777777776,0.1722222222222222,1.5707963267948966,1.5707963267948966,-0.008537285,0.06978348
2,-0.07867189587666255,0.13726676025140838,1.6784738833692412,1.5242080976548344,-0.12011575,0.2418085
3,-0.0834643043256978,0.082564682466602,1.799378135302339,1.434641385654007,-0.130862,0.30137357
4,-0.09346461503550614,0.034110180446663876,1.9500649208810668,1.2847512853743106,0.041241888,0.30021518
5,-0.08640191523383052,0.058443224443263525,2.100172513225351,1.2938715638771445,0.1553715,0.15427336
6,-0.07454150712003339,0.11867010937433194,2.177309193709169,1.4542543966120218,0.12581731,0.09590625
7,-0.07171117943818388,0.17027301317070226,2.225262318798576,1.5746545879178548,0.14197403,-0.024203226
30,-0.35812548372193553,1.8458802245410142,1.278033827492271,1.4638229183674447,0.1628389,-0.06317487
31,-0.347949556933966,1.9258764130205959,1.2464463906970362,1.425046889507496,0.1716074,0.0038436726
0,-0.0777777777777776,0.1944444444444444,1.5707963267948966,1.5707963267948966,-0.007830601,0.05720616
2,-0.07837542624102527,0.16401348949673994,1.6543737622585635,1.535720875063599,-0.11808916,0.20680258
3,-0.08219478924413882,0.10851382492859424,1.757775050648723,1.4621141981691792,-0.14112416,0.2994079
4,-0.09208617860736718,0.05208066090689935,1.9074790003385882,1.3176807118165874,-0.02721221,0.31143832
5,-0.09215486328494799,0.05175456370653316,2.0631981613722186,1.2489051935896696,0.1541742,0.17160933
6,-0.07766340913766565,0.11094894300486044,2.149002824970756,1.4084693080979922,0.122151755,0.13167706
7,-0.0724851006622302,0.16110554861484,2.2148413556304316,1.5252504383728602,0.14282958,0.022019334
31,-0.35463222467619543,1.9210274905986904,1.2503597224738936,1.4304828278645154,0.16901484,-0.024182528
0,-0.0777777777777776,0.2166666666666666,1.5707963267948966,1.5707963267948966,-0.008410186,0.04804481
31,-0.3528068049505161,1.916487445756439,1.2516891109433512,1.433013769370967,0.16800714,-0.03255777
0,-0.0777777777777776,0.2388888888888888,1.5707963267948966,1.5707963267948966,-0.009033855,0.03972947
2,-0.07807727656742897,0.21458756365910048,1.6272117915239672,1.5483049708972758,-0.09755393,0.14072344
3,-0.08013213827871396,0.16727807589157398,1.6975735100593905,1.5031863079793548,-0.1585921,0.25851086
4,-0.08883212229086586,0.09666742311424983,1.826828938969646,1.3805750202600746,-0.1445559,0.30354995
31,-0.3631864395504934,1.9111267920300223,1.2575338455524783,1.440695116043556,0.16376063,-0.054286793
0,-0.0777777777777776,0.2611111111111111,1.5707963267948966,1.5707963267948966,-0.0034998246,0.032990262
2,-0.0779503177960009,0.24475722478351644,1.6175195882704596,1.5530476630708492,-0.08606462,0.120048836
3,-0.079399913216899,0.20270079111161204,1.6775440062072615,1.517250193637086,-0.1621626,0.22579855
4,-0.08701848969654645,0.12800359871634148,1.7904432798412184,1.4101889225876714,-0.18074605,0.2975161
31,-0.3682793863141949,1.9125070889962121,1.2594164061036448,1.444407031722305,0.16300833,-0.0596527
0,-0.0777777777777776,0.2833333333333333,1.5707963267948966,1.5707963267948966,-0.004493609,0.036966972
2,-0.0780239535340633,0.2626466091309883,1.622146920361791,1.5506262518736513,-0.098569535,0.13237515
3,-0.07993325445083435,0.21462756021663404,1.6883344958212714,1.5083891557020994,-0.18466139,0.23810127
31,-0.3678388993221734,1.949128478036567,1.2467768164959292,1.4305628455417685,0.1742385,0.0004793927
0,-0.0777777777777776,0.3055555555555556,1.5707963267948966,1.5707963267948966,-0.008201566,0.047995396
1,-0.0777942634492731,0.3014940885224133,1.5947940247741084,1.5625788094618256,-0.05122079,0.07771707
4,-0.09509995992137771,0.12858697348419446,1.8402249003436904,1.328318442064906,-0.12512875,0.27481616
5,-0.1077885292240215,0.08974777888831595,1.9776329780605177,1.165048986651629,0.12844273,0.20892572
6,-0.09035110666497168,0.13895599759094093,2.0820958400752883,1.2943196776469472,0.13747752,0.1773693
7,-0.07889806533250789,0.19353352478408212,2.1707804883506636,1.4312703793301977,0.13530031,0.10820995
30,-0.3737692809410173,1.9202834464104377,1.2599280896272997,1.4484164528564734,0.16429693,-0.061725855
31,-0.36221590851382707,2.00078229770883,1.2290651621904711,1.4084963167885338,0.18292552,0.16820844
0,-0.0777777777777776,0.3277777777777778,1.5707963267948966,1.5707963267948966,-0.01323773,0.059517376
1,-0.07781115195050842,0.32122025795288794,1.600555014857326,1.5604385386932027,-0.0633744,0.0912008
4,-0.09992526562217438,0.1338981168711363,1.8757825615492205,1.276161699849226,-0.061783873,0.2821864
5,-0.10455349880854647,0.12083606537515197,2.016875756033931,1.1731266278367862,0.15215491,0.19340432
6,-0.08615110005175451,0.1772823157005145,2.1135779144850115,1.3346041653832803,0.14315191,0.16479927
7,-0.07670101331206551,0.2345176112202695,2.195977550992046,1.4767551430879948,0.13280018,0.07832194
8,-0.07517422863161924,0.28878299746205227,2.235138521590505,1.6045718061339656,0.17093793,-0.019980922
9,-0.08338102723270148,0.36065175345440625,2.2251480604198317,1.7554156374199454,0.16980195,-0.15754512
29,-0.37862771574001325,1.90053809043142,1.2699287543681006,1.4629464285272946,0.16576886,-0.06525044
30,-0.368108686138466,1.9818813419872063,1.237303533652101,1.421835468557953,0.18024436,0.085197985
0,-0.0777777777777776,0.35,1.5707963267948966,1.5707963267948966,-0.019683499,0.07201521
29,-0.37824495825762877,1.9711193090833734,1.2451064373042922,1.4351500732553781,0.17779788,0.014965802
30,-0.364119093230142,2.057595469899966,1.2525893385198454,1.3854634693338546,0.0963822,0.3052705
41,-0.8040623783751295,1.3756810384425968,0.8653913038459162,0.9751675554810536,-0.18688491,-0.091196164
42,-0.8530756584020631,1.2985197974908025,0.81979322160152,1.0405039218289094,-0.1884883,-0.01891601
43,-0.8957341084172644,1.2185637761451604,0.8103352161732058,1.126040022430606,-0.200672,0.08694213
44,-0.9328434131499961,1.1300904053751075,0.8538062805917601,1.2244507140167746,-0.20247823,0.1770579
45,-0.961510022118241,1.0369684386949314,0.9423352340844016,1.3203059618574857,-0.19339746,0.26763526
48,-1.0141923653473321,0.7545071238856016,1.3903944800284247,1.3862048508477627,-0.1100307,0.30599856
49,-1.0255309384198092,0.7029211674761932,1.5433937619116644,1.3150017262277565,-0.09541557,0.3031415
0,-0.0555555555555554,0.15,1.5707963267948966,1.5707963267948966,-0.036288098,0.1302866
1,-0.05576353536917415,0.13216992511780995,1.635939628877912,1.546432328941004,-0.12348012,0.24526548
3,-0.06868391814386576,0.018842454402044337,1.9257770488646369,1.317887627241299,-0.009007834,0.32187128
4,-0.06671390121360392,0.025684469717800588,2.08671268919972,1.267605498255044,0.15212253,0.16684997
5,-0.05354362836851484,0.0840669204810975,2.170137674608503,1.4261646647258848,0.10974022,0.11519108
6,-0.049462734402974974,0.12893270161605633,2.2277332144465785,1.5321947070467068,0.1406767,0.009772666
31,-0.3263333044782374,1.90931981536406,1.245513835051332,1.4263238291499762,0.17185864,0.0062527433
0,-0.0555555555555554,0.1722222222222222,1.5707963267948966,1.5707963267948966,-0.036560588,0.103563815
1,-0.05572374662510445,0.15414054115654174,1.622578234472547,1.5514042562610897,-0.11641977,0.21984476
2,-0.05847960925297401,0.09850771794905311,1.7325006137278418,1.485038309351179,-0.15292567,0.32580686
3,-0.06812672727821129,0.03535923242073035,1.8954040418055396,1.3369164776274196,-0.065540574,0.31962743
4,-0.07229776749589724,0.020986046940717668,2.0552177588131766,1.2265124796615228,0.15541446,0.18240628
5,-0.05656338595140978,0.07993415921277247,2.1464208970454077,1.3894129717004624,0.1107056,0.13355955
31,-0.32746999975179586,1.917014839524379,1.2433683137085776,1.4245637622834402,0.1738027,0.020225696
0,-0.0555555555555554,0.1944444444444444,1.5707963267948966,1.5707963267948966,-0.03689252,0.09326953
1,-0.055708970026119506,0.17615944881229284,1.6174310902741293,1.5533112986289814,-0.11568514,0.19813834
2,-0.05819928495530106,0.12040683705746501,1.7165002609279494,1.4935712384634838,-0.16506103,0.3176546
3,-0.06829064167509585,0.05029220862044538,1.8753275657680373,1.345205172362789,-0.09571206,0.3135101
4,-0.0760709406137628,0.024031117250750796,2.0320826108243804,1.2051275478759238,0.150677,0.18798399
5,-0.05934014020893003,0.08105651662017771,2.1260746056821684,1.3622980575672177,0.110761434,0.146451
6,-0.05233724531984863,0.12612527573650006,2.1993001038816313,1.4696969272050924,0.12286955,0.0744189
31,-0.33249944555393735,1.915873537444171,1.2458841736104826,1.4283461095367402,0.17248887,0.0035406575
0,-0.0555555555555554,0.2166666666666666,1.5707963267948966,1.5707963267948966,-0.037591778,0.08492121
2,-0.05772157846752775,0.14549068724971664,1.6958090076830725,1.50558463015502,-0.17509738,0.30125228
4,-0.08026714678780135,0.025395986821242493,2.0021702806141715,1.186549533149352,0.14032504,0.20109028
5,-0.06300185814386453,0.07900253770840876,2.1027154187348227,1.3297640230254846,0.11355953,0.16100666
6,-0.05439300514276566,0.1249615171820052,2.183218748369489,1.4403149081233686,0.11538092,0.10559595
30,-0.34783583197131085,1.8319095497205422,1.282416963079248,1.472931915777737,0.1639156,-0.066124976
0,-0.0555555555555554,0.2388888888888888,1.5707963267948966,1.5707963267948966,-0.033965178,0.077634886
1,-0.0556727632719201,0.22201710915794443,1.6096137697484831,1.5563706724439474,-0.10106587,0.14565146
3,-0.06680133022798572,0.09148463130371803,1.8241326744344573,1.3803181801986262,-0.16875875,0.3000335
4,-0.08333220625091521,0.0338883777720609,1.9741494293001036,1.178471729594604,0.11752193,0.21312629
5,-0.06727515187119863,0.08001870090859538,2.080712572732244,1.292875993402916,0.12270788,0.17134523
6,-0.05654469763180036,0.12885637846510228,2.166385189690862,1.4146197035813335,0.11871698,0.1215028
31,-0.3366282649496119,1.9169367824885846,1.2476405250516276,1.4320855429047676,0.17203462,-0.008360729
0,-0.0555555555555554,0.2611111111111111,1.5707963267948966,1.5707963267948966,-0.031060442,0.07333929
31,-0.33568216285232394,1.9422004324445843,1.2388759004559855,1.4226512003326537,0.1791828,0.05149463
0,-0.0555555555555554,0.2833333333333333,1.5707963267948966,1.5707963267948966,-0.03705819,0.07878458
1,-0.05568623698627687,0.2649193739413503,1.6101886155691485,1.5560164682369002,-0.10250486,0.15049475
3,-0.06879050243824289,0.12266582781623935,1.8203412714090685,1.3669941326225012,-0.16840762,0.27692047
4,-0.08615648790118544,0.06490181925899717,1.9588015052166323,1.1680245161676441,0.09826325,0.22123545
5,-0.07142376352427833,0.10438208726893962,2.069419232257877,1.2598704690596798,0.13710117,0.17938463
6,-0.05840597169492239,0.15765516687627745,2.1591115492072444,1.3999583733628833,0.12705827,0.12556498
7,-0.05290006243048171,0.208954749966784,2.2218940379705767,1.5250634539665882,0.13412887,0.031837292
31,-0.33747206763948534,1.982026444859802,1.2295330623772482,1.4078961054862589,0.18269128,0.15360971
0,-0.0555555555555554,0.3055555555555556,1.5707963267948966,1.5707963267948966,-0.040936254,0.08809454
1,-0.0557180845429746,0.2852329847019199,1.6148435967650752,1.5540737424321092,-0.113247655,0.1623522
30,-0.3510647149043995,1.9673622277310272,1.2369174594667296,1.4237580141109987,0.18149945,0.075249396
0,-0.0555555555555554,0.3277777777777778,1.5707963267948966,1.5707963267948966,-0.04369823,0.09632283
1,-0.05574610526400158,0.306104051180335,1.6189577403154711,1.5523590493986408,-0.122153394,0.1716434
29,-0.3613995493519877,1.9356788075622675,1.252612599232469,1.4457285429690194,0.17037645,-0.04051286
30,-0.3490050510336323,2.018919917672802,1.2323561693218092,1.4013912901987096,0.17508212,0.21806422
0,-0.0555555555555554,0.35,1.5707963267948966,1.5707963267948966,-0.04969754,0.10757404
1,-0.055800288378783834,0.32537375214233316,1.624583345898662,1.5498316204337845,-0.13245657,0.18186748
28,-0.3684091124977714,1.916112118781548,1.2639626199987273,1.4622748252125441,0.16710714,-0.06698485
29,-0.35769386821331745,1.9980456007934941,1.2304701964047293,1.419662496222191,0.18575549,0.14257851
36,-0.5463687606909435,1.7034911989019048,1.0915807793524603,0.9033011374147,-0.16284743,-0.18744421
37,-0.5974761791858221,1.639505271256794,0.9978586743262152,0.8942113850678892,-0.15207812,-0.125309
38,-0.6452457027879163,1.5800355064240594,0.9352041716363768,0.8966913537430455,-0.17489558,-0.07151319
39,-0.6997040533024895,1.511558147422659,0.8994475762036185,0.9032496890599278,-0.19762117,-0.0616941
40,-0.7601460893295321,1.4335594908141966,0.8686005259540419,0.9225900095328845,-0.18706363,-0.097109616
41,-0.8144606808856265,1.358628489014796,0.8200457180526595,0.9695896301778856,-0.18612027,-0.07806414
42,-0.8629065170987069,1.2824597900023473,0.7810136462238173,1.0451184314303572,-0.17487398,0.011384003
43,-0.9019055185204892,1.2085058960766013,0.7867056476559977,1.1299243773235956,-0.20474747,0.11448532
44,-0.9390351560313683,1.1182353526909745,0.8439483093705515,1.2340211460184416,-0.20140225,0.20325561
45,-0.9666859737424596,1.0252082600448766,0.9455761137094836,1.3293694226930448,-0.19337592,0.280756
48,-1.0183172862258187,0.7448599338202917,1.4015369536962847,1.3805779810783914,-0.08507932,0.30917376
0,-0.0333333333333332,0.15,1.5707963267948966,1.5707963267948966,-0.06320159,0.16611421
1,-0.03382134449788699,0.1189501729237582,1.6538534323361258,1.537137449395178,-0.15961236,0.30497718
2,-0.03996623124699786,0.04571116292886943,1.80634202162293,1.423837501368437,-0.13532344,0.3485968
3,-0.05055208397261353,-0.0014885742784584745,1.9806404272702078,1.2575161964682284,0.07063712,0.26600236
4,-0.040658251192363354,0.03173569502565149,2.1136416057732443,1.307123790680765,0.13152814,0.15371981
5,-0.030550641371648687,0.08300433296488702,2.190501512089048,1.4424397191766831,0.109263964,0.097680405
31,-0.31233296556717377,1.8824490584081215,1.251669899621282,1.4378015802213169,0.16859928,-0.027406856
0,-0.0333333333333332,0.1722222222222222,1.5707963267948966,1.5707963267948966,-0.06437353,0.14092843
3,-0.051676527127350776,0.008113933834238102,1.95748878369597,1.2607074876870505,0.037906792,0.2700159
4,-0.04475198943835371,0.03007338520078655,2.0924967313793044,1.2715783085370342,0.14033991,0.1612824
0,-0.0333333333333332,0.1944444444444444,1.5707963267948966,1.5707963267948966,-0.06610268,0.13049756
2,-0.03926616459833472,0.08428677839735482,1.7738055373218398,1.4431609519083282,-0.1728633,0.33486596
3,-0.05327192882966998,0.018434737300646344,1.941238516071115,1.2568337115696826,0.013443865,0.2664249
4,-0.04881682444709398,0.03174502367888359,2.074450963237558,1.2400982572016612,0.14790547,0.16722387
5,-0.034542923053401245,0.08755745381713098,2.158062898614679,1.3968317716429925,0.099299386,0.12780122
6,-0.02944641605389429,0.1280620526291762,2.2219635109093527,1.4933151253025274,0.123526946,0.04931272
7,-0.02875115979678131,0.1776462861592661,2.246619870015655,1.6160425562160632,0.15129286,-0.048040703
31,-0.32013886872173697,1.9120184085600693,1.2443203228202204,1.4293992303732999,0.17422888,0.012849599
0,-0.0333333333333332,0.2166666666666666,1.5707963267948966,1.5707963267948966,-0.064189166,0.12229763
1,-0.03370332203202723,0.18487179951947585,1.6319451416519026,1.545920336967051,-0.16448608,0.25308758
2,-0.038868812780282785,0.10688850397192379,1.7584889317539076,1.452603825717639,-0.19074133,0.3299586
3,-0.054311767724669315,0.03188284939498813,1.9234682256963591,1.2586664380580128,-0.01701935,0.26463205
4,-0.05334051595418822,0.034609247165492046,2.0557842488077025,1.2071974029259993,0.15322235,0.17229712
5,-0.0370679068242108,0.09140359137841121,2.141932808854852,1.3719242945888808,0.10209634,0.13807091
6,-0.030868858391040022,0.13285254004362704,2.210968264439378,1.471672092380008,0.115460105,0.07174292
31,-0.3251407425152648,1.9157015348174513,1.2450631941345076,1.4311323327589305,0.17425445,0.007917523
0,-0.0333333333333332,0.2388888888888888,1.5707963267948966,1.5707963267948966,-0.058760718,0.11586448
1,-0.03365083337764861,0.20977342890991538,1.6287285658207278,1.5475999765523243,-0.16346738,0.22460943
2,-0.03839484572380824,0.1315388479289375,1.7410332831230502,1.463412214372331,-0.20486149,0.32865712
4,-0.05762135825920284,0.040147907693319766,2.0377205284920077,1.178931167896828,0.15511534,0.17780152
5,-0.03974697605932847,0.09683513317502859,2.1266212883081774,1.347247999697429,0.10630626,0.14824812
6,-0.03236073515045744,0.1396991191229787,2.200745348879371,1.4519363708455106,0.10922151,0.09076759
31,-0.32691988835072205,1.9195939271747573,1.244640384861503,1.431581098327453,0.17502418,0.010519378
0,-0.0333333333333332,0.2611111111111111,1.5707963267948966,1.5707963267948966,-0.06110923,0.11649494
1,-0.03366700928385753,0.23082608666914697,1.6290437961604933,1.5473116923149588,-0.16521871,0.22888485
2,-0.038540492616133494,0.15184432827370775,1.743486219146524,1.461269205729842,-0.21030203,0.31966674
4,-0.05887798947920166,0.05744877626559031,2.0339268977430205,1.1709066957159904,0.15114158,0.17868304
5,-0.04094280916211071,0.11239983229395943,2.123268419006143,1.3355340668949627,0.11509735,0.15263256
6,-0.03272445119514828,0.15834126674107846,2.1995847011592726,1.450479345222172,0.10912399,0.09188
7,-0.029853024420885946,0.20235559940723483,2.2455247017231326,1.5584792000557701,0.14353232,0.003437698
31,-0.32745187639034484,1.9580810920553318,1.231982392319713,1.4172549266366932,0.18401268,0.10661782
0,-0.0333333333333332,0.2833333333333333,1.5707963267948966,1.5707963267948966,-0.0644203,0.120603725
30,-0.340136639233229,1.9294643949980064,1.246910666176353,1.437437990373682,0.17520222,-0.0049234703
0,-0.0333333333333332,0.3055555555555556,1.5707963267948966,1.5707963267948966,-0.067760184,0.12582259
29,-0.3536223887540784,1.9198785960703972,1.2562477337804179,1.4511910894475328,0.16675127,-0.055404082
30,-0.3420163284571987,2.0014857880761125,1.2285456928100924,1.4085585270178698,0.18248683,0.17856109
0,-0.0333333333333332,0.3277777777777778,1.5707963267948966,1.5707963267948966,-0.07155095,0.13168615
28,-0.3625305113743995,1.8950340660754346,1.270255253711019,1.47130275660908,0.1676693,-0.06882447
29,-0.35249723291133006,1.9773122189638739,1.2358430186894278,1.4280193486319803,0.1837466,0.083660915
37,-0.583332969505812,1.6491848349627412,1.0002063820746283,0.8857984424478065,-0.15349764,-0.12711777
38,-0.6321401062372015,1.589631028788395,0.9366474981096129,0.8854001903045737,-0.16590834,-0.081781864
39,-0.6845859756196246,1.5252611605741462,0.895756566026483,0.8909842167078336,-0.19492361,-0.054669097
40,-0.7453754952326017,1.449155725932479,0.8684220174935202,0.9048784379943126,-0.18583485,-0.09928481
41,-0.8010027557284467,1.375637589603385,0.8187796110895018,0.9459554834302764,-0.180882,-0.097541645
42,-0.8501050344827659,1.3026752468473923,0.7700087885048728,1.0171162678862085,-0.16709784,-0.013685867
43,-0.8894255133732718,1.2331988554409927,0.7631658549096922,1.0987481495866205,-0.20429468,0.10006359
44,-0.9291969742934937,1.144443965651875,0.8131976510074477,1.203557560949119,-0.20226729,0.19645041
45,-0.959620255552689,1.05209829719424,0.9114228571441512,1.3015164100516987,-0.19485721,0.24972256
46,-0.981267808110969,0.9592203345311913,1.036284134784017,1.3794707424464039,-0.19544363,0.34191087
47,-0.997957517117811,0.8620721575295964,1.2072395692255835,1.4143222438372625,-0.1753549,0.34572327
48,-1.0124441357953515,0.7743354235385645,1.3801012049105505,1.390198107015459,-0.14629507,0.2563855
49,-1.0272381223704543,0.7041336823184242,1.5082939575102667,1.327887741673881,-0.054183275,0.30213225
0,-0.0333333333333332,0.35,1.5707963267948966,1.5707963267948966,-0.07757774,0.1407561
28,-0.36432306681636867,1.935612916673467,1.2568760673191886,1.4571151001965288,0.16774428,-0.059495598
29,-0.3530910063471824,2.0177282670131573,1.2271282682803015,1.4132620199693962,0.18303111,0.18969573
47,-1.0028132257324525,0.8237374105881885,1.299423930295978,1.3983992563509438,-0.18618381,0.22621557
48,-1.0197558878215214,0.7319601077723489,1.4125317158785204,1.3707410374179327,-0.060566984,0.3155574
49,-1.0260453924932909,0.7052187739184345,1.570310411104236,1.303561263147249,-0.13876674,0.29865062
0,-0.0111111111111109,0.15,1.5707963267948966,1.5707963267948966,-0.08994233,0.19904931
1,-0.01198677342004473,0.10588176374808844,1.670320981242929,1.5272901724230472,-0.19031161,0.36235756
2,-0.021230318191336077,0.021366530646507665,1.8514997596528868,1.3761851650239736,-0.13029397,0.3388519
3,-0.0324173869713845,-0.01880798510524561,2.0209257091071944,1.2016017846096816,0.14137971,0.2103557
4,-0.015854128172423085,0.03550447387744224,2.126103558638368,1.3460252808092288,0.097339116,0.1538072
5,-0.008761424503869688,0.07512463496976096,2.203007155158792,1.440690182987242,0.11479631,0.098161235
31,-0.3122368716346367,1.8942757989725656,1.248160590478454,1.435104889009719,0.17180014,-0.011563659
0,-0.0111111111111109,0.1722222222222222,1.5707963267948966,1.5707963267948966,-0.09381292,0.17939368
1,-0.011945584159997158,0.12601653016228873,1.6604931662466864,1.5311379151080304,-0.19601333,0.35063207
2,-0.02107279851910311,0.03770711441149108,1.8358092019942145,1.3846396666490746,-0.14951259,0.32937884
3,-0.03458254802232631,-0.01122464837055516,2.000498623647962,1.195652224994783,0.12293283,0.21697849
4,-0.018934762166740775,0.03693903345204575,2.1089878688242774,1.317125394004727,0.10178973,0.1622205
5,-0.010499991436158986,0.07788687408702571,2.1900981153037886,1.4174944382657577,0.10663303,0.116368696
31,-0.31644836008493343,1.9140268813360188,1.2427029172566275,1.4284634640527583,0.17563248,0.023119539
0,-0.0111111111111109,0.1944444444444444,1.5707963267948966,1.5707963267948966,-0.09500026,0.16770756
1,-0.011905325121606284,0.14755898202304427,1.6546501080181937,1.533587291347524,-0.19882423,0.33973646
2,-0.020853379387105943,0.05713133521545849,1.8245183388378958,1.391458395923808,-0.1607121,0.32107472
3,-0.03568463566074283,0.0025617589887371103,1.9850557009365897,1.1960577377677548,0.0968772,0.21826825
4,-0.022208738525338126,0.04191700176374943,2.094189823665891,1.2863484114117905,0.10908257,0.16768907
5,-0.01218537225722938,0.08494146895488797,2.1780343587186675,1.3964660544719416,0.108818546,0.12439777
0,-0.0111111111111109,0.2166666666666666,1.5707963267948966,1.5707963267948966,-0.08878744,0.16092835
1,-0.011815181905864633,0.17282913736800187,1.6512605036285262,1.5356994642736617,-0.19767517,0.32095057
2,-0.020319295050809927,0.082057157410758,1.8117357874896864,1.401140487996022,-0.1737028,0.3088868
3,-0.03656353196387874,0.020549000715361816,1.9661791856077055,1.2000485070428017,0.06136965,0.22855496
4,-0.026482392982103826,0.048339273292106744,2.0804566676404814,1.2469120654470471,0.124946184,0.17006421
5,-0.013965473301569668,0.0959222337420361,2.1654887730863432,1.3781539116001178,0.11033813,0.1320358
6,-0.007945088344305719,0.1398847640413451,2.23150667647389,1.4894941247616336,0.11800206,0.06459692
0,-0.0111111111111109,0.2388888888888888,1.5707963267948966,1.5707963267948966,-0.08417336,0.15656498
1,-0.011754777873534572,0.19732184917761267,1.6490788171675543,1.5370885876165152,-0.19608659,0.2965303
2,-0.019824249255299593,0.1063977883402966,1.7973439703371863,1.4111423740567723,-0.18586397,0.29938594
3,-0.03725588074725432,0.03807985747463327,1.9470369378712515,1.2062162352828252,0.025487304,0.23920411
4,-0.031047133334491342,0.054386338234563805,2.0666389922287802,1.2089023218628299,0.14066228,0.17214206
5,-0.015904533956302525,0.10627193811589467,2.1527100215342383,1.3613504079274747,0.11047759,0.13957109
6,-0.009128579662744041,0.15024112419448216,2.2224955643203597,1.4728215511964693,0.111728266,0.08151122
30,-0.3380024297843897,1.8778241448175137,1.264996443935905,1.460203550137002,0.16517067,-0.06584823
0,-0.0111111111111109,0.2611111111111111,1.5707963267948966,1.5707963267948966,-0.08608819,0.15805729
1,-0.011778194465587229,0.21859947874683863,1.6498249704625945,1.5365839952707387,-0.1907618,0.2846014
2,-0.019513359170294516,0.12991985224545644,1.7921256656434874,1.4157987946515442,-0.19150627,0.29267925
3,-0.03745615890463433,0.05837518935589314,1.9384652907636504,1.209606901937877,0.0044813864,0.24539243
4,-0.03367479006666213,0.06802931480379272,2.061161504187856,1.1865650311236526,0.14666241,0.1717289
5,-0.01721478178713178,0.12102442203202284,2.1470259512451033,1.3485805304680039,0.115396395,0.14318597
30,-0.3407116246176995,1.9053541622051005,1.2565189311888556,1.4507961843313117,0.16613373,-0.054819614
0,-0.0111111111111109,0.2833333333333333,1.5707963267948966,1.5707963267948966,-0.08701741,0.155436
30,-0.3447207680111944,1.9611666668113215,1.2382865818825106,1.430071151742593,0.18258274,0.056093566
0,-0.0111111111111109,0.3055555555555556,1.5707963267948966,1.5707963267948966,-0.08775896,0.15279236
1,-0.011771623344665019,0.26217607198223164,1.6471925089743475,1.5375635473691256,-0.18154997,0.2838905
2,-0.018871210768921117,0.1776832138222123,1.7891377518561224,1.4222023371766987,-0.19146511,0.31119633
3,-0.03631565011937695,0.1062798953564347,1.9447359154608588,1.214520739055546,0.008194622,0.25509134
4,-0.032006522857549735,0.11749941956210631,2.072281585135732,1.1948873647028506,0.1483194,0.175764
5,-0.015882205179830005,0.17119138115144727,2.160163582363401,1.3590119413657038,0.122119136,0.13600367
6,-0.008748145272224,0.2191356067285374,2.2281654189017157,1.4846584587702785,0.12802039,0.09634071
7,-0.0076304995365468545,0.27100210758754784,2.2763357731190066,1.6104234024847317,0.17505482,0.014189988
8,-0.016657630325215476,0.34357957105615466,2.2834307673063616,1.7698141081944156,0.17784387,-0.12547772
29,-0.3586372454939434,1.9293116915740591,1.2562936740603785,1.4547126778265502,0.16759238,-0.057127535
30,-0.3472274924212855,2.0113347549507066,1.2277299063887934,1.4111518264548624,0.18271542,0.18652442
0,-0.0111111111111109,0.3277777777777778,1.5707963267948966,1.5707963267948966,-0.08907789,0.1510584
1,-0.011776046578583665,0.28372939193566404,1.646325529613767,1.537817439574827,-0.17638001,0.28234577
2,-0.018557121655727905,0.20160649675831566,1.7874984155085425,1.4254258673221702,-0.1840573,0.31881994
3,-0.034883436219452696,0.13299492396523008,1.9469083855536322,1.2243558837304656,0.0069069657,0.25996923
4,-0.03077861678764528,0.1439646558284089,2.0768930027869086,1.2024092874844479,0.14950025,0.18089797
5,-0.014880569298775957,0.19843072652511232,2.1673419858005385,1.3670711243765827,0.12753406,0.13301083
6,-0.008010112224317547,0.24844864224850918,2.2338474030282836,1.49857312592298,0.13666147,0.09779365
7,-0.007793849582060939,0.3041218549491344,2.282744229831968,1.6313279978519875,0.17770475,0.0030462593
8,-0.018572588036066016,0.3781021193244931,2.2842673594739775,1.79040315002205,0.17787045,-0.14582893
9,-0.04146453487969522,0.45418198155246686,2.211352893212114,1.9242663595505483,0.15345713,-0.25313026
10,-0.07005180474336989,0.5215224175774295,2.084787764647279,2.0105090960163063,0.18715838,-0.34508115
11,-0.11245183689698715,0.6054193948469752,1.9122471893813948,2.0553815635488153,0.15997168,-0.16849929
12,-0.14923078005989981,0.6766934276831933,1.827997543909822,2.036070659481727,0.1589312,-0.11584182
13,-0.18326727666712123,0.747795604865235,1.7700766334917883,1.9975769442386935,0.15827632,-0.08228831
29,-0.35785007875615443,1.9784200225079054,1.238558524349008,1.4352178572991687,0.18376854,0.060349323
0,-0.0111111111111109,0.35,1.5707963267948966,1.5707963267948966,-0.093961425,0.15406957
1,-0.011833385059582346,0.3035366762798231,1.647831113138471,1.5367003352393795,-0.17293006,0.2810478
2,-0.01853607131425448,0.22313484638337172,1.7883550087597708,1.4252905112815843,-0.17512912,0.32395974
3,-0.033785960420323766,0.15826024212714346,1.950334877767835,1.2311721004249678,0.011394693,0.25924638
4,-0.029269678871318695,0.1706854955166157,2.0799580673363547,1.214393873876658,0.14761496,0.18366559
5,-0.013971578183053742,0.2250924931602294,2.1717908615854125,1.375247196456718,0.1387649,0.13238606
6,-0.00727288099938167,0.2795984811125127,2.2379838908698897,1.518016292065362,0.1423336,0.09801185
7,-0.008271551443151476,0.3381370972962797,2.2869898165252547,1.653521513702155,0.17798892,-0.014150277
8,-0.020712483989578173,0.41252442388474525,2.2799146781351904,1.8099775469455257,0.17394957,-0.1575818
9,-0.04448332442665853,0.4871686005707947,2.20112377504376,1.9371147137063245,0.15657148,-0.26256436
10,-0.07464854448006106,0.5560720092349704,2.0698415944960455,2.0198564927558555,0.18729022,-0.3366461
11,-0.11763879289562698,0.6399976685061882,1.9015185395863394,2.057573091357328,0.16078588,-0.16227481
12,-0.15456097428921056,0.7115208075325394,1.8203811357405524,2.0344964643362458,0.15871875,-0.10942191
13,-0.18831949998704314,0.7825187648578761,1.7656701813128333,1.9941442394025217,0.15819237,-0.077263415
14,-0.21868734981913454,0.8543247834774557,1.7270384738829474,1.9479909413439873,0.1590555,-0.054620326
29,-0.35602122241435674,2.0166039876094435,1.2273592362788062,1.4211687589986977,0.18520933,0.17003793
39,-0.7034660353604595,1.5091356700819951,0.9013339887049536,0.9070654639053009,-0.19835281,-0.063529626
40,-0.7637729052176325,1.4305984315564049,0.869569175937448,0.9277299465762173,-0.18796054,-0.095849514
41,-0.8178792907984007,1.355040383039729,0.8216444189336638,0.9760612376356866,-0.1873908,-0.07305314
42,-0.8661054440874449,1.2780461137909986,0.785117850699697,1.052434724402483,-0.17732215,0.016854405
43,-0.9050699149833156,1.2027326824042381,0.7935450534012656,1.138252889429719,-0.20462361,0.11822134
44,-0.9414640601299982,1.1121637833830533,0.8526557246830802,1.2418093266986847,-0.20121238,0.20392963
45,-0.9684086142049074,1.0189660037158763,0.9546205411341528,1.3364817449702824,-0.19285825,0.2883851
46,-0.9874602774548381,0.9252713959030882,1.0988130877402167,1.3994267403394274,-0.18746352,0.38227484
47,-1.0031215963886726,0.8310492413462619,1.2899505058911185,1.4027830976501,-0.18605822,0.23934475
48,-1.0195958031962327,0.7391370856192933,1.409622878828321,1.376477828583153,-0.07338862,0.3108614
0,0.0111111111111112,0.15,1.5707963267948966,1.5707963267948966,-0.106258534,0.22194293
1,0.009923999313948738,0.09798045399907655,1.6817677925017218,1.5200866325612328,-0.18192309,0.36894602
2,0.000546567963588322,0.01860703304440379,1.866240800419126,1.3661811390775849,-0.12234474,0.3209772
3,-0.009971431168261427,-0.018185798745267025,2.0267294059183936,1.1996344909322911,0.13457945,0.19933373
4,0.005935508868009105,0.033103863928537265,2.1263962695982794,1.338612622608173,0.09517901,0.15935713
5,0.013203029434813517,0.07181913611346567,2.2060748348620276,1.4314332677846653,0.10769066,0.110261604
31,-0.3174332408622764,1.9261415363235121,1.23912821064261,1.4256147932200383,0.17887098,0.0464119
0,0.0111111111111112,0.1722222222222222,1.5707963267948966,1.5707963267948966,-0.10929955,0.20145646
1,0.009989371981419913,0.11849516974641236,1.6715245554831366,1.524354304225454,-0.18642125,0.36281312
2,0.0007401875520353803,0.03602931350647112,1.8529311130431037,1.3739541495761562,-0.13344526,0.31614432
3,-0.011108601808716602,-0.00609470508536001,2.011003271737371,1.1995037677858722,0.11174954,0.20955174
4,0.0032251411331819593,0.037762340108754504,2.115779140093599,1.310092747875645,0.10424572,0.16574015
5,0.011982922708683947,0.07925866353337577,2.1986492137101035,1.4147123091971214,0.10530057,0.11997253
0,0.0111111111111112,0.1944444444444444,1.5707963267948966,1.5707963267948966,-0.105828516,0.18290836
1,0.01012759969011941,0.14228377540264742,1.6622505048897604,1.5290037769965514,-0.19019392,0.35173047
2,0.001160870864449034,0.056926911854250764,1.838115737834249,1.3839482304084676,-0.14601451,0.30950016
3,-0.01212299906245901,0.008479617076927178,1.9928658167507987,1.2017846446649336,0.081897035,0.2203454
30,-0.33625942209639026,1.8761152016601892,1.2648845548417906,1.4599066272143215,0.16505921,-0.06575918
0,0.0111111111111112,0.2166666666666666,1.5707963267948966,1.5707963267948966,-0.097412415,0.17320493
1,0.010266843421093835,0.1686204908966758,1.657398791113172,1.5321153011159785,-0.18949306,0.32821274
2,0.0018103796598158807,0.08240954475505187,1.8215051601317267,1.396232459104663,-0.15797785,0.29817408
3,-0.012725451411633913,0.02717137967756881,1.9705922017481665,1.209768542517734,0.041242227,0.23365107
4,-0.004942181933780628,0.04847585458801178,2.0874177376416068,1.2325760761814653,0.13061705,0.1714728
5,0.008358583811427713,0.0971922956296653,2.173154139020715,1.3733360609172052,0.10851696,0.13549046
6,0.014465720796091808,0.14014662031172787,2.2408993701126914,1.4841470889700779,0.120888844,0.0792772
30,-0.3405288672500293,1.878796577118875,1.2662177691843848,1.4629114122454898,0.16568714,-0.066603824
0,0.0111111111111112,0.2388888888888888,1.5707963267948966,1.5707963267948966,-0.09546413,0.16597131
1,0.010320194220374508,0.1917596422775677,1.6537819812682013,1.5339234283896217,-0.18593648,0.30915564
2,0.0024011758826079066,0.10637098293063915,1.80835980276135,1.4065763838195064,-0.16693988,0.2874285
3,-0.012946583503303164,0.045676080828211216,1.9520740518954138,1.2186815689172894,0.00595445,0.24355699
4,-0.00909811633093386,0.05580298820904152,2.073852547505174,1.1977244765461985,0.14415538,0.17330456
5,0.006577750468318502,0.10805767002796053,2.1605048264053206,1.357076559142725,0.110501856,0.14202099
6,0.013460127693376955,0.1516988206805264,2.231515319147382,1.4700486037042706,0.11547569,0.092918865
31,-0.33507617080598495,1.9780892839814583,1.229439833262239,1.4172567648608585,0.1848369,0.130866
43,-0.7964909087228732,1.3671026098621633,0.7998247938838343,0.9302646497580453,-0.1769757,-0.10352638
44,-0.8454925991037651,1.2966080739694636,0.7480616020646433,1.0027546733399917,-0.16248894,-0.019016832
45,-0.884501669264527,1.2298561674658632,0.7385531860080103,1.0854834039189463,-0.20737982,0.108478755
46,-0.9257747991171429,1.1404413872605739,0.7927925633874278,1.1945321914951244,-0.20227215,0.21019363
47,-0.9569903748614674,1.0483422055564062,0.8978893804040293,1.293110253062311,-0.19564575,0.24646151
48,-0.9793040356162812,0.9554897488435039,1.0211201357331614,1.3744351204560639,-0.19462779,0.3472718
49,-0.9963131138291782,0.858826218957694,1.1947560357537608,1.4112541032957313,-0.17377901,0.36096814
0,0.0111111111111112,0.2611111111111111,1.5707963267948966,1.5707963267948966,-0.09083257,0.15850213
1,0.010398202734235123,0.2162375345367325,1.6500473926451544,1.5360279070216238,-0.1780442,0.2958991
2,0.003243656393087771,0.13392485895927111,1.7979969392207007,1.4176448144698082,-0.17065784,0.29441535
3,-0.012008107289252907,0.0706192300153419,1.94520461658505,1.229813318818595,-0.013923578,0.24966797
4,-0.01053668323018998,0.074457015520508,2.0700386027481894,1.1842414958558554,0.14833528,0.17476383
5,0.005995941401781146,0.12760760735399188,2.1574205170061926,1.3498701264744692,0.11628558,0.14276448
6,0.013361820231160962,0.17324180327463018,2.2288027564671378,1.4696651692525786,0.119046465,0.10015328
7,0.01528954960601868,0.22108111336253208,2.278879397609506,1.5885335123878437,0.16728365,0.03181804
30,-0.3501142762829226,1.9334443144741942,1.251023587831531,1.447163509023568,0.17267528,-0.031278178
0,0.0111111111111112,0.2833333333333333,1.5707963267948966,1.5707963267948966,-0.08530124,0.15031606
1,0.01048244395230941,0.24116329376176818,1.6459543565895896,1.5383259197230816,-0.170751,0.2922193
2,0.003981668743371973,0.1619340033037739,1.7920640120890479,1.426043394000882,-0.1721279,0.3052435
3,-0.01095696017828766,0.09752378132988303,1.9446857581522803,1.2380208097493641,-0.024671804,0.25288466
4,-0.010777997482352678,0.09795089048466644,2.0711280862477164,1.1792419946744228,0.1509744,0.17553908
5,0.006111329113514986,0.1517075908620737,2.158897624411855,1.3488652993866557,0.1205364,0.14033805
6,0.01362549428050849,0.19878320108842773,2.2290666485813,1.4738115371225715,0.124929,0.106206775
7,0.015318986820885326,0.24921471580570356,2.2821700359371047,1.5975910547453478,0.17228526,0.037163325
8,0.007426446486280202,0.3202528075075204,2.300751698264156,1.7571806286642084,0.18362623,-0.08418153
9,-0.013666587464179876,0.3982768559359133,2.258660932132278,1.9016684274491782,0.15583062,-0.20377538
30,-0.35369001146578316,1.9754390091864367,1.237832468995128,1.433357608096504,0.18384957,0.06480327
0,0.0111111111111112,0.3055555555555556,1.5707963267948966,1.5707963267948966,-0.083059706,0.14709455
1,0.010514511658052525,0.2644830156986141,1.6443436006691794,1.5392203677707212,-0.16204455,0.28427345
2,0.004593775046289404,0.18910142056664248,1.7864803234722952,1.4333241080790564,-0.17410406,0.3154988
3,-0.010137672260054178,0.12346186140364232,1.9442297230151038,1.244469463390741,-0.026986368,0.255291
4,-0.010241748441454592,0.1231311866966787,2.0718752155688147,1.182658934319387,0.14761409,0.17841657
5,0.006292511550146438,0.17593733180611648,2.1610834980991225,1.3478380540549577,0.12585509,0.13722178
6,0.01397241215548047,0.22481638250782096,2.2296943897989134,1.4792394712651928,0.13343275,0.10919572
7,0.015277613256798368,0.27886508002241667,2.2842922481384615,1.6105375084042666,0.1756449,0.038062148
8,0.006209541533271383,0.35170292104337025,2.3033233220365386,1.7705577823290748,0.18087783,-0.0935684
29,-0.36508819802241427,1.931749475253768,1.260494546094213,1.464551938974856,0.16845971,-0.06612612
30,-0.3544032937280519,2.014286651693221,1.2274314845588545,1.4201008323053002,0.18503305,0.16933437
0,0.0111111111111112,0.3277777777777778,1.5707963267948966,1.5707963267948966,-0.08104301,0.14471337
1,0.010540583820627624,0.2876963902944331,1.6431530127909522,1.5399072636640476,-0.1543386,0.27580363
2,0.005106921466216242,0.2157265023624762,1.7810548255827765,1.4397530157689775,-0.17500657,0.32276964
3,-0.009346090656567808,0.1492077740868103,1.9424396465208869,1.251493896628283,-0.024035852,0.25601986
4,-0.009149569927203378,0.14970197106466868,2.0704495767739157,1.1930776594281,0.14187998,0.18646261
5,0.006702471594957094,0.20132027933816288,2.163680882253919,1.3492842622715857,0.13585275,0.13828196
6,0.01458462000957534,0.25396759804070157,2.2328218604114394,1.491531182259323,0.14086533,0.110522315
7,0.015090735018915582,0.311369805700672,2.2880830178644995,1.6284864152074798,0.17594412,0.029258594
8,0.0047112274620698565,0.3846453569703641,2.302712314822946,1.7862362519625161,0.17793208,-0.10504682
9,-0.017785844681765604,0.46037088836743517,2.250188903012548,1.9224113516070551,0.15726782,-0.21972835
10,-0.04686087986554565,0.528561226358635,2.1403247276928763,2.015690940549643,0.16620216,-0.31309935
11,-0.08490214831547126,0.6020091054061439,1.9837750504401068,2.0715212916674366,0.16414958,-0.22583255
12,-0.12474856684948592,0.6745936700702787,1.8708587745812277,2.069089921942606,0.15846467,-0.13678202
29,-0.3630563772731804,1.9676051550798885,1.2467825497176985,1.4503416072641682,0.18145636,-0.004590474
40,-0.7215035979131932,1.4761092066317527,0.901134573915277,0.9200698617505265,-0.199644,-0.06935954
41,-0.7808270982454758,1.3962054058615025,0.8664548034456114,0.9477004275929263,-0.18925408,-0.095360816
42,-0.8332225446495939,1.3191985401096205,0.818774395683084,1.004579303230786,-0.19368327,-0.04619573
43,-0.8803261382752653,1.2383784979722319,0.7956765303995947,1.087526589786962,-0.19214535,0.052368343
44,-0.9193155744254168,1.1552023597151226,0.8218607018378119,1.1811404667171441,-0.20579624,0.14502224
45,-0.9520602532611345,1.0624083499279902,0.8943718234684805,1.2837918247538782,-0.1958215,0.23265225
46,-0.9751510367774926,0.9698766900274346,1.010697946944509,1.3668184472017373,-0.19440204,0.32488787
47,-0.9924979655706168,0.8738371232740558,1.1731418828156333,1.4108525138933241,-0.17492208,0.38203862
48,-1.007250457207618,0.7859993300749256,1.3641611943629126,1.3872537816434654,-0.16394034,0.22841164
49,-1.0238648225818432,0.7066379020724578,1.4783670167115073,1.3337472382307776,-0.045458183,0.29996505
0,0.0111111111111112,0.35,1.5707963267948966,1.5707963267948966,-0.08393959,0.14774753
1,0.010504465075705845,0.30849273560778223,1.6446700925615172,1.5390015239641828,-0.1503511,0.27376282
2,0.0051917730523219465,0.23847501685545366,1.7815515036371092,1.4402831697688276,-0.17022526,0.325061
3,-0.00868953097558755,0.1739399585133035,1.9440820003536086,1.2557857036956042,-0.0071790367,0.2588799
4,-0.006560064063478908,0.1800390091834495,2.0735219503429274,1.2165901778629133,0.13402373,0.19050765
5,0.00790091611748758,0.2301107996110644,2.1687757755306105,1.3603277325579548,0.1453667,0.13982329
6,0.015463638728859721,0.28674393100146567,2.238687419393335,1.5115481464330867,0.14745325,0.110461935
7,0.014659135851967355,0.3473472179202407,2.2939183870938162,1.6523128072134357,0.17657065,0.012760028
8,0.0024818392209124693,0.421157762307876,2.3002984012153487,1.8076900517318855,0.17452753,-0.11619906
9,-0.02111674420591609,0.4956600492274345,2.2421988705780844,1.9372326944679341,0.1566819,-0.23153979
10,-0.05115534050356213,0.5636943101888474,2.1264289776471,2.026351849916359,0.1737701,-0.32136536
11,-0.09173671440281327,0.640513274717672,1.9657462994244437,2.076757416123383,0.16178417,-0.21419281
12,-0.1311071752292369,0.7119021901743486,1.8586498955872397,2.0683423638461274,0.15911806,-0.13038172
13,-0.1675439974997727,0.7820110627029309,1.793459036448274,2.0306153997667975,0.15783504,-0.09111413
29,-0.36014857595942945,2.0106284150193066,1.2310514459994177,1.4331555844565418,0.1888139,0.13267821
30,-0.3442053311151711,2.1018449789330678,1.2973905513670783,1.369341408058443,-0.050583206,0.30800372
47,-1.0024076112920026,0.8451979920010348,1.2643360952523093,1.4101465873764634,-0.18521091,0.26961786
48,-1.0179957980259755,0.753280326591391,1.3991450230267386,1.3872587290063063,-0.10210768,0.30649924
0,0.0333333333333334,0.15,1.5707963267948966,1.5707963267948966,-0.104717694,0.21191403
1,0.032216795218816686,0.09864875976220806,1.6767533431437354,1.5225652135828636,-0.16473928,0.36516598
2,0.02425973650744937,0.026565872370062457,1.8593363324787955,1.3816032461421526,-0.108797066,0.3136565
3,0.015497829841106595,-0.006979705205957315,2.016164586940084,1.2334248666284318,0.083058104,0.21728897
4,0.02637402555801901,0.0280811555059522,2.1248090724137167,1.3075375910312488,0.11169217,0.16573784
5,0.03550961900628761,0.07192894933200107,2.207677991190229,1.421988664564775,0.10290424,0.12282758
30,-0.3357761605709989,1.873476720827125,1.2658572132375578,1.4614523663870433,0.16520503,-0.06610316
0,0.0333333333333334,0.1722222222222222,1.5707963267948966,1.5707963267948966,-0.10282154,0.18988538
1,0.03234919757900441,0.12161662687513994,1.6657390157368521,1.527773544699577,-0.1709845,0.35363343
2,0.02448715648270568,0.04545320080484712,1.8425557325270514,1.3908443803438466,-0.119725354,0.308548
3,0.014528455430472886,0.006337191752701804,1.9968297342446188,1.2359706782266864,0.0545346,0.22572072
4,0.02295315434795716,0.03209851171135593,2.109690093496118,1.2748106901487315,0.12126073,0.1709595
5,0.03392424782759178,0.07865259208726527,2.195169844725404,1.402082394313824,0.1035771,0.13056898
31,-0.32856070665350984,1.9605562583782978,1.23234369704989,1.420586869400362,0.18474263,0.10207034
0,0.0333333333333334,0.1944444444444444,1.5707963267948966,1.5707963267948966,-0.09707897,0.17311893
1,0.03249294573227507,0.1465637149664179,1.6573557938125472,1.5321700754844056,-0.17377049,0.33876094
2,0.024943848308886192,0.06800787552484515,1.826736264922891,1.4013424821461522,-0.13099292,0.2993972
3,0.013829544953883173,0.022831137171472192,1.9764348650958876,1.241175431859957,0.020202758,0.23352341
31,-0.3331421081429168,1.9596005722114744,1.2346765483405928,1.4249272350153486,0.18413872,0.08259727
0,0.0333333333333334,0.2166666666666666,1.5707963267948966,1.5707963267948966,-0.08829321,0.16481006
1,0.03261770506749268,0.17310254140041148,1.653201357522283,1.5349061873774836,-0.17550948,0.31730574
2,0.025349819138774855,0.09277373867403613,1.8118542293694357,1.4108128948026728,-0.14013037,0.2908641
4,0.01519154039043681,0.04739788930304344,2.0782013247397284,1.2087972751583325,0.13723227,0.17952189
30,-0.3493947911038437,1.8945980007494794,1.2654076005008559,1.4651104532723411,0.16689381,-0.06780082
0,0.0333333333333334,0.2388888888888888,1.5707963267948966,1.5707963267948966,-0.08269344,0.15666424
1,0.032702608908978525,0.19806028446639298,1.6491284454849104,1.5372083834388741,-0.1670784,0.30674326
2,0.02618917067354965,0.12113580889220316,1.802500077584062,1.4215361403051239,-0.14298078,0.29470617
3,0.014321248975817973,0.06855881965720059,1.949853160479341,1.2591237754276388,-0.026429027,0.24712032
4,0.014116691144569624,0.06793400480505739,2.0734133208778243,1.1989442003902488,0.13796192,0.18244213
5,0.029393338035484013,0.11828805943096321,2.1646343852069716,1.3504520411444223,0.1135635,0.14481367
6,0.03659752769944873,0.1627515615495057,2.237041221061025,1.468057549147359,0.124703586,0.1054421
30,-0.35408032990475685,1.9280694636404727,1.2557124691691737,1.4550861982852028,0.16818222,-0.05539219
0,0.0333333333333334,0.2611111111111111,1.5707963267948966,1.5707963267948966,-0.0771481,0.14847316
1,0.03278125630034061,0.2229952132760989,1.645032906034265,1.5394576521086742,-0.15579942,0.28969082
2,0.027151429501474977,0.15074308918970641,1.7898783172157149,1.4346417840839771,-0.1446586,0.30552587
3,0.0156821709085768,0.09642766231182462,1.942641251781259,1.2736763409166794,-0.04230336,0.24954551
4,0.0135755276328061,0.09030272903868618,2.067414009073053,1.1948642291334792,0.13417938,0.1873774
5,0.02885136681611069,0.1394535284399537,2.1611027056959013,1.3414489067035136,0.12105711,0.14498487
30,-0.3570743634979516,1.9629818014099423,1.2444254430618624,1.443765495537121,0.18154943,0.010077409
0,0.0333333333333334,0.2833333333333333,1.5707963267948966,1.5707963267948966,-0.072774984,0.14153752
1,0.03284078910245587,0.2473570947215322,1.641565085449491,1.5412902919292661,-0.14520547,0.27557397
2,0.027945545287962524,0.17965444249937104,1.7793520698931555,1.4455408723805336,-0.14983201,0.3169363
3,0.016468161799431228,0.12244256406599992,1.9378202269461493,1.2822193706229097,-0.04316625,0.25403398
4,0.01427228120560211,0.11589109836372699,2.064837218323026,1.2021390673351615,0.12595786,0.19287628
5,0.028777505207232462,0.16276398272378748,2.161275358000074,1.3374450980858288,0.12819304,0.14456661
6,0.03698222293123582,0.21222689514088275,2.2335586632278304,1.4724977327713271,0.13738586,0.11597565
7,0.038542057424362286,0.2675911591854759,2.291546487310205,1.6090222849402216,0.17929173,0.04714816
8,0.029253522779556868,0.3417346452981205,2.3151205676284174,1.7734262148973432,0.1843971,-0.06797071
9,0.006796773109222065,0.41998518612862856,2.281135213622127,1.9168393468988636,0.1713202,-0.1881634
10,-0.024644022263017856,0.49372844341903355,2.187053513773952,2.0206358100292565,0.1643796,-0.29251936
29,-0.36871450889023216,1.9178288673737518,1.268540029474769,1.4770452206641256,0.17014912,-0.0719389
30,-0.3589241933171994,2.0012952758689844,1.2325705784049372,1.4314808587741445,0.18750548,0.11632885
0,0.0333333333333334,0.3055555555555556,1.5707963267948966,1.5707963267948966,-0.070479706,0.1385001
1,0.0328685735827123,0.2707069492642051,1.6400463740017752,1.5421126464578467,-0.13760716,0.26595768
2,0.028423875468746338,0.20637127327048269,1.7730252156641821,1.4521235268080341,-0.1524528,0.32391208
3,0.017020347540997273,0.14759418418458545,1.9349812577154974,1.2879309978219704,-0.037891045,0.2589978
4,0.015458591656675779,0.14278845730008438,2.064480156698499,1.2134503490053787,0.117431596,0.1951373
5,0.028979949780841636,0.18729227902881407,2.162048810222421,1.3371149860119849,0.1382386,0.14736691
6,0.037513315003516456,0.24053642713545437,2.2357322658088545,1.483050732642513,0.14464575,0.11756844
7,0.038368311968418806,0.29915827816727575,2.2945164861765246,1.625219126649209,0.17950353,0.04168859
8,0.027888143294059312,0.37373958843109034,2.315360781797443,1.7872127830890747,0.1830926,-0.07537024
9,0.004543256410465865,0.45155838769934886,2.2776756631818156,1.9271103268458394,0.17209294,-0.19591251
10,-0.027860489517097346,0.5256746305276636,2.1797194081035,2.028562357641295,0.1670987,-0.29454166
11,-0.06700520755569798,0.5985106467006807,2.032448579618011,2.0892970751056255,0.16218191,-0.24958158
29,-0.37018444786625787,1.9564545485432832,1.2555690007891993,1.4637706902272791,0.17206264,-0.05437909
30,-0.3590780511229982,2.040606193390345,1.2283794554558138,1.4163566681021944,0.17956525,0.21493688
0,0.0333333333333334,0.3277777777777778,1.5707963267948966,1.5707963267948966,-0.06908021,0.13674074
1,0.03288478675676421,0.2936175357093635,1.6391666988518576,1.542590725398499,-0.13076478,0.25775123
2,0.028803886957483756,0.2323699584660298,1.768042312064443,1.4573581296948896,-0.1540376,0.328812
3,0.017520728856488112,0.17251812237049038,1.9324483136322836,1.2930850355823202,-0.026164487,0.2642842
4,0.017290005798186927,0.17173319979958446,2.0645904103901724,1.231260184237554,0.11240827,0.19476196
5,0.029871373003038163,0.21524815974066772,2.1619713912394385,1.3467073605203232,0.14476724,0.15095563
6,0.03817878250771838,0.2715062909545765,2.237449207403932,1.4977665538285059,0.15040857,0.11941418
7,0.0380673254474705,0.33299916909966326,2.2971562976625304,1.643056601123192,0.17763004,0.030220464
8,0.02646537861778367,0.40708464911524894,2.3122665295985083,1.800892664058012,0.17919359,-0.079041675
9,0.0026803756475169017,0.4834725259241173,2.2727456922319274,1.9347550479459805,0.17294863,-0.20150214
10,-0.03050706742916728,0.5580489034693031,2.171994620063577,2.0339528710185313,0.16960546,-0.29565704
11,-0.07063408052138172,0.6320193213162274,2.0241661007192473,2.091708761525975,0.16134346,-0.24296576
12,-0.11155865549951656,0.7025187009426536,1.9026832217958312,2.096094946268041,0.15813056,-0.1603393
29,-0.36808319835760184,1.994405285289796,1.2411246607687811,1.4488500469533505,0.18632889,0.044802494
30,-0.35411357216642564,2.0848212888538344,1.2635259079423289,1.390414213324142,0.050804745,0.3318578
0,0.0333333333333334,0.35,1.5707963267948966,1.5707963267948966,-0.07205234,0.13936128
28,-0.3732803427140373,1.9503439224190686,1.2632693807270865,1.4802391614279438,0.17275828,-0.07354103
29,-0.3635020492022499,2.035006869305119,1.2264988655832152,1.4319399803927142,0.18710184,0.17339042
35,-0.5092560610279433,1.773240920806885,1.32335803570715,0.9181088636434047,-0.15051246,-0.4507197
36,-0.5572287284845574,1.7112407559687344,1.097998178624783,0.9161614703592711,-0.16220123,-0.18323094
37,-0.6072669708208533,1.6468378477470544,1.006382710361157,0.9081569445462099,-0.153321,-0.12398817
38,-0.6545467108586535,1.5862025847862442,0.9443886271354298,0.9117041086009908,-0.1790747,-0.067891255
39,-0.7092074519270775,1.5152482377229988,0.9104429996248822,0.9191300423927411,-0.2002199,-0.06416851
40,-0.7690524624849389,1.4352235600366614,0.8783587432142834,0.9412561435353815,-0.1912759,-0.08847281
41,-0.8230543268139332,1.35757993830404,0.8341223365303616,0.9899167916359547,-0.19002986,-0.06555046
42,-0.8709436831110814,1.278747950644292,0.8013471058246235,1.065764748167959,-0.17947194,0.018174365
43,-0.9094095607434151,1.2019130541459713,0.8104342884060483,1.1515091798163597,-0.2044675,0.11837073
44,-0.944690039145543,1.1108324204469846,0.869619651758347,1.2535173342700123,-0.2000846,0.20185134
45,-0.9705382903040314,1.0177359016517944,0.9705453208324055,1.3459245567783735,-0.1921111,0.2936133
46,-0.9888748486401076,0.9239901287145004,1.117351978146706,1.4045142336453214,-0.18857574,0.37898496
47,-1.0043051440898962,0.8292091713006723,1.306844457113419,1.4041890515843785,-0.18590546,0.22790918
48,-1.0207336455291975,0.737501346618455,1.4207990458842854,1.375440992915301,-0.07106516,0.3117867
49,-1.0280794083640483,0.705737617649714,1.5766924014922719,1.3058469997203934,-0.13829446,0.3034291
0,0.0555555555555556,0.15,1.5707963267948966,1.5707963267948966,-0.0913854,0.19899017
1,0.05466327637573112,0.10516321101195988,1.6702914098885397,1.5271270969874706,-0.14630109,0.35731292
2,0.0482408648035061,0.04079619026218114,1.848947868743215,1.4007914712416667,-0.09317831,0.30010977
3,0.041370984556065145,0.011117071856721608,1.9990027556803565,1.2738119248591613,0.024632046,0.22409138
4,0.04622602431185657,0.02701929037640058,2.111048446097646,1.276161427663483,0.11808055,0.17869596
5,0.057017816007363546,0.07263070053745263,2.2003964270141463,1.3993416241424712,0.10944664,0.13411397
31,-0.3303249556736379,1.9739632172178643,1.2295096526530127,1.4187556954360216,0.18524367,0.12706316
0,0.0555555555555556,0.1722222222222222,1.5707963267948966,1.5707963267948966,-0.088815235,0.17786582
4,0.04318085016139179,0.03339408166927909,2.095061087110315,1.2511472195288673,0.12036914,0.18369877
30,-0.3460618439438885,1.892149426486345,1.2654576236989836,1.4659763804385095,0.1670301,-0.06815243
0,0.0555555555555556,0.1944444444444444,1.5707963267948966,1.5707963267948966,-0.081956215,0.16161764
3,0.0399909644673896,0.041571033794025616,1.9589055190470557,1.2826721887425,-0.020467903,0.24029087
4,0.040280134772375464,0.04242185416003774,2.0790509516980986,1.230215062978913,0.12011095,0.1893731
30,-0.3526583442966279,1.8990169357997533,1.2662359858539443,1.4684681832696214,0.16775382,-0.06896536
0,0.0555555555555556,0.2166666666666666,1.5707963267948966,1.5707963267948966,-0.07427523,0.15442674
2,0.049292445253710314,0.10938576266950234,1.801868655779634,1.4290451719659292,-0.11602051,0.29575494
4,0.03962046497546113,0.06415185164175288,2.0728732208397727,1.225940015648424,0.11552105,0.19426176
5,0.05249030924629725,0.10826160296711244,2.170004100599561,1.346889145336988,0.11709857,0.14903797
6,0.059920399310193405,0.153817798715208,2.2445230866458754,1.4693476070339901,0.13162807,0.110864654
30,-0.35649862194740817,1.923433960885474,1.2596902484681944,1.462281452106767,0.1676206,-0.06422934
0,0.0555555555555556,0.2388888888888888,1.5707963267948966,1.5707963267948966,-0.0687299,0.1462357
2,0.05023603959596196,0.13949463033227158,1.7881568978216986,1.4425743683298915,-0.11660237,0.30567354
30,-0.35960105914822155,1.9581896314479175,1.248429917791162,1.4509238436446596,0.17872813,-0.014829457
0,0.0555555555555556,0.2611111111111111,1.5707963267948966,1.5707963267948966,-0.063914314,0.13843256
1,0.055140396470297434,0.2295375706556917,1.64001260797051,1.5426699582502879,-0.13057134,0.26813728
2,0.05101955680982315,0.1686189928002856,1.774081246056829,1.454899098750602,-0.12440852,0.31666613
3,0.042434489859535504,0.121067862978781,1.9324143091824393,1.3154113108261891,-0.039545886,0.25896645
4,0.04063458006872258,0.11499739102316003,2.061897532143865,1.2396514182772191,0.09674896,0.20367856
5,0.05190095527046901,0.1536652982101545,2.16373681376246,1.3351282022225088,0.13176091,0.15274706
6,0.06033708254482397,0.20445122226635393,2.2401103461768965,1.4742710505707048,0.14274421,0.12264372
7,0.06168132724491687,0.2618990205563788,2.3014322044935565,1.616521234596943,0.18697679,0.04998686
8,0.05112134725783623,0.339145147714737,2.326425635316644,1.787709251188209,0.18712926,-0.05237131
29,-0.3703294771376192,1.910981050169338,1.2732415134694914,1.4850674835280369,0.17116168,-0.07399404
30,-0.36111810298316943,1.9949860225317362,1.236244493224893,1.438550976788766,0.1867514,0.08219261
0,0.0555555555555556,0.2833333333333333,1.5707963267948966,1.5707963267948966,-0.060074307,0.1325211
2,0.0515941816972808,0.1967582036920671,1.7648156444218497,1.4635567043201496,-0.12855333,0.32312226
3,0.042997238408587664,0.14680068690256892,1.9263767758992056,1.3227161148322473,-0.0334957,0.2658453
4,0.0418665013332585,0.1428200782793293,2.0592994252827506,1.2529163688031828,0.09424244,0.20215544
5,0.05257189659096603,0.1811034316569971,2.160377145805631,1.343669390945657,0.13743019,0.1577686
6,0.06088565262773158,0.23464759752513314,2.239261449375425,1.4867020421923345,0.14791873,0.12544218
7,0.06146213360108859,0.2947459524933962,2.301982537904058,1.631530629231882,0.18551984,0.044806615
8,0.049922296335811724,0.3718016560343026,2.3243858451631407,1.7985176041147277,0.1849441,-0.054434195
9,0.025415192603939686,0.4504608319064591,2.297168747582708,1.937563301880539,0.18504402,-0.17698973
10,-0.010519054972513594,0.5297444717651363,2.2086738804962973,2.044379815546289,0.16882318,-0.27933946
11,-0.051175659909649784,0.6024451857403874,2.0690041492369513,2.1071671771500298,0.16089952,-0.27790385
29,-0.3718883526550794,1.9518380714764971,1.2597447792675833,1.4717233844942008,0.17089072,-0.0676142
30,-0.3615517600756632,2.035537030647762,1.2259376804020743,1.4247523185549897,0.18518135,0.19026975
0,0.0555555555555556,0.3055555555555556,1.5707963267948966,1.5707963267948966,-0.057518803,0.12944381
1,0.05521044262022798,0.27712554560842373,1.6355182314899306,1.5449829849384964,-0.113801785,0.24586299
2,0.052000043719185714,0.22369269330469943,1.7584497267988066,1.4696308105600857,-0.13036084,0.32776272
3,0.04351566277483212,0.172506830338986,1.9223310882833342,1.3287684760228706,-0.02581479,0.27196077
4,0.0431975838482559,0.1712998569367295,2.058311470845018,1.2665145746217672,0.10172679,0.2060571
5,0.054071527838320234,0.2128605827174226,2.1613400215890746,1.3634820512320271,0.14258298,0.16152793
6,0.061636436208468,0.2693316012272271,2.2421039874341826,1.508550456148124,0.15264381,0.12675534
7,0.06083362017518677,0.3321106582458101,2.3054816583779196,1.6543452148438305,0.183858,0.029881045
8,0.04773779569457169,0.4088361146367036,2.320422180989061,1.8164969852084722,0.18145496,-0.060496807
9,0.02238698894118738,0.4862903321969461,2.2901737774398665,1.9486203578751753,0.18464324,-0.18515387
10,-0.01437358633440508,0.5654992025957549,2.1975968415525298,2.05133929786256,0.1721217,-0.28435934
11,-0.056363293988006095,0.6396923052128103,2.0554171736028533,2.1103260993115,0.15884203,-0.2626106
12,-0.09820098923810386,0.7083280557951583,1.9241118664529662,2.1198146838382836,0.1552693,-0.17354584
29,-0.3703756248411863,1.9938077972760877,1.2440095330264906,1.4554187691280296,0.1864276,0.023479931
30,-0.3570417767986881,2.0843891252202593,1.2557494985547404,1.3975320052745543,0.080875084,0.31868076
47,-0.9982226178654221,0.8600006712652096,1.2251115935531,1.4143124981030404,-0.17977884,0.31855017
48,-1.0129639586559835,0.7702780797889351,1.384386678287063,1.392393788520259,-0.13810116,0.2748934
49,-1.02684120325828,0.7043152285856036,1.521833379813705,1.3261902925810123,-0.066305324,0.3056215
0,0.0555555555555556,0.3277777777777778,1.5707963267948966,1.5707963267948966,-0.056355834,0.12904556
5,0.05553750285819734,0.24540895099729276,2.1632462153818945,1.3836077243988674,0.14613084,0.16305031
6,0.06219294253271442,0.3041365091550066,2.2447713697936873,1.5290496657182924,0.15509439,0.123138666
28,-0.3754725855813185,1.9501034200366099,1.2665428417411189,1.4876434935660239,0.17421001,-0.07733576
29,-0.366199029235969,2.035510264942943,1.227874961742435,1.438165421769102,0.1886917,0.15954986
44,-0.9446651105530194,1.117182984719248,0.8693009922888617,1.2518966111241825,-0.200135,0.19961059
45,-0.9706608841085955,1.024126223696616,0.9691062877562384,1.344456494028847,-0.1921643,0.28995615
46,-0.9890831801408995,0.93045513679523,1.1140843639757971,1.404072801052676,-0.19046211,0.3718992
47,-1.0045256736206367,0.8348044679811024,1.300033957758222,1.407572550013058,-0.18618506,0.23693588
48,-1.0206189267593155,0.742809451101439,1.4185018996384482,1.3800230715788275,-0.08008675,0.30914676
49,-1.0288505462162156,0.7065066223432099,1.5730752805855612,1.3094381645691588,-0.13083524,0.3020769
0,0.0555555555555556,0.35,1.5707963267948966,1.5707963267948966,-0.0577022,0.13317356
2,0.05241567820189751,0.27414377261971834,1.7572570080545287,1.4739126829684697,-0.12931347,0.3276897
3,0.04422289574859787,0.22311388041659436,1.9211018616941313,1.3348850310545675,-0.0037598945,0.28123003
4,0.04609058850521128,0.2302063143551476,2.0617168779161315,1.2944825014533443,0.11756411,0.20927602
5,0.056973737637571555,0.27864874775949183,2.1663548881795744,1.4048955309329951,0.14947367,0.16325256
6,0.06256057779381145,0.3395326036598778,2.2479811693218092,1.5504080281352128,0.15445569,0.110551596
7,0.059157483715731346,0.4040743975710405,2.3032569671657424,1.6920946718270538,0.18162802,0.010868363
8,0.04346442981890833,0.4807664249408878,2.308691148706947,1.8445869141683136,0.17452914,-0.076343045
9,0.0171229688614386,0.5557100481197627,2.27051962638763,1.9645786752100456,0.18154979,-0.18857631
10,-0.020228216905923545,0.6339736128887569,2.176231470951114,2.05761193074826,0.17618668,-0.284729
11,-0.06363740629969332,0.7101730965522973,2.033866968997989,2.109846353551304,0.15536003,-0.24037439
12,-0.10425382094566561,0.7774042279239377,1.9136797758427004,2.1132580650223383,0.15973377,-0.17492211
13,-0.14441881621804942,0.8463104094365467,1.8262187215175967,2.0813339043800596,0.1591422,-0.11424856
14,-0.18102093036257627,0.9156089233425628,1.7690944420781474,2.0317909575720225,0.15929103,-0.068825856
15,-0.21373979633775314,0.9863906637447823,1.7346815141525607,1.9767243136538524,0.16246796,-0.04983604
16,-0.243211014355447,1.060433450038902,1.7097634943809847,1.9237708282919854,0.16669777,-0.040622458
29,-0.3587383399656558,2.0776764861143646,1.2386532249536852,1.4157421328747963,0.15044564,0.2677802
47,-1.006348897978775,0.801827960714678,1.353921559700046,1.39435124006933,-0.17271367,0.22161275
48,-1.0230633128576527,0.7176466338201374,1.4647279354420046,1.3475189211431415,-0.05774022,0.29575396
0,0.0777777777777779,0.15,1.5707963267948966,1.5707963267948966,-0.07704091,0.18572968
4,0.06927044716988377,0.0388703540005409,2.097367481389318,1.2858725660062458,0.096644476,0.19171833
5,0.07872560778400328,0.07793181053628057,2.1932266438987593,1.3807712320508454,0.1187052,0.14506745
30,-0.34936088666192633,1.9122489186863587,1.2607462900367121,1.4629314666490467,0.16735905,-0.065179035
0,0.0777777777777779,0.1722222222222222,1.5707963267948966,1.5707963267948966,-0.072247066,0.16707277
1,0.07720504287092059,0.13667057763573034,1.6543327132847647,1.5360406672954365,-0.13255486,0.32536492
2,0.07227251750632821,0.07684054459739087,1.817015172043119,1.4294821535272721,-0.084803246,0.2888959
4,0.06741706351154951,0.050524983556595474,2.0821548188712935,1.273610825432975,0.092411,0.19814453
5,0.07715003621911845,0.0882146029010864,2.1812270815160613,1.36285698123721,0.12060162,0.15107527
6,0.08399654653398035,0.13538961090016788,2.2567647183921675,1.488340111119608,0.15132281,0.09984413
30,-0.35443292145953603,1.9203860627959375,1.2605495686319212,1.4643400129643456,0.16798365,-0.06558168
0,0.0777777777777779,0.1944444444444444,1.5707963267948966,1.5707963267948966,-0.066601016,0.1521329
4,0.06668363587131702,0.06892718919537116,2.071945414939199,1.2705496879940652,0.08623861,0.20268798
5,0.07620122718363871,0.10470006466540932,2.1732894043114523,1.3515764131505512,0.12434296,0.1554258
7,0.08448781686971608,0.21158012645341503,2.307777368524347,1.628147717818208,0.19961455,0.03540784
30,-0.3574857491843043,1.9354758075934397,1.2570346603777747,1.4618793601554017,0.16864279,-0.06062098
0,0.0777777777777779,0.2166666666666666,1.5707963267948966,1.5707963267948966,-0.060311668,0.14399822
30,-0.3601400873377771,1.9598781767363342,1.2495837482300143,1.4551095102932154,0.17839837,-0.020991102
0,0.0777777777777779,0.2388888888888888,1.5707963267948966,1.5707963267948966,-0.05543574,0.136163
7,0.08443265370255498,0.26496485092719724,2.3123203004386763,1.634591172583785,0.19515803,0.047148466
8,0.07164894534945479,0.3457555597411403,2.335894533493791,1.811000817963166,0.18732691,-0.049451858
9,0.04575773350557205,0.4252236042361526,2.311168604591165,1.9509318450078164,0.19228604,-0.15803155
10,0.007183438209327901,0.5072484477204542,2.232152828076158,2.059186750199187,0.17150855,-0.27232274
29,-0.37070165623307744,1.9102410973274744,1.2757802541044097,1.4908668832206247,0.17215142,-0.07593933
30,-0.36189020160566704,1.9947492539035931,1.2378105903652052,1.4434018469597805,0.1871523,0.06846838
0,0.0777777777777779,0.2611111111111111,1.5707963267948966,1.5707963267948966,-0.050766103,0.12843746
5,0.07726685627366975,0.1822996740155759,2.1632472361114363,1.3682317172554235,0.13704881,0.16784477
7,0.08388265243497843,0.29883840992247257,2.313153081634317,1.6516948987949864,0.19279218,0.03802561
8,0.07000841553000502,0.3790434045394887,2.3321658867087702,1.8228493316617715,0.18484494,-0.05216022
9,0.04358969894708676,0.4576917229474094,2.3060857775297503,1.9576902985380171,0.19119549,-0.16102082
10,0.0046940165507013375,0.5393313219447949,2.225575369843517,2.0626780970318306,0.17287722,-0.26886675
11,-0.03827274533937954,0.6130483849854301,2.091141996034656,2.124604568089598,0.15708897,-0.28945562
29,-0.3713458181239318,1.9513660235015384,1.2614942165699343,1.4769806168888753,0.17206234,-0.07075298
30,-0.3613450230100568,2.0356604938490332,1.2261177274074893,1.429042378750358,0.18627813,0.18156084
0,0.0777777777777779,0.2833333333333333,1.5707963267948966,1.5707963267948966,-0.046357185,0.12444723
4,0.06938399886423564,0.17595344657313625,2.0545189092543463,1.3053545586943924,0.09747799,0.21869606
5,0.07885185859705636,0.21770756726396578,2.1638669381525855,1.3910396352731602,0.14145198,0.17124328
6,0.08513205871965686,0.27509258349309684,2.2494885782387595,1.5299415699061731,0.15629819,0.13161926
7,0.08290043490551707,0.3399767771174378,2.3152982080962996,1.6761845073940547,0.19019434,0.022541068
8,0.06739356663694013,0.41953225656682874,2.3265687423434596,1.8409285873025145,0.18344891,-0.05808416
9,0.03976904812409984,0.4978948949908852,2.297526662298713,1.9696422100077193,0.190258,-0.17130464
10,7.75579346155783e-05,0.5792182555171146,2.211874340721641,2.0696980396523563,0.17540807,-0.27564147
11,-0.044060920064279425,0.6541154553361155,2.0740536051478724,2.127150176175727,0.15448536,-0.2698069
12,-0.08598087454376006,0.7202101857384227,1.9391501593079905,2.138506220406827,0.15248281,-0.18352568
13,-0.1261630205116383,0.7850622440998627,1.8473873185601573,2.1097918125534147,0.15771618,-0.12088671
29,-0.3683565422688555,1.9992037906885614,1.2430492835727076,1.4576280215292046,0.18816549,0.032189354
30,-0.35500801148688194,2.0905689300064694,1.259143960722957,1.3978501852646301,0.0684144,0.32729575
0,0.0777777777777779,0.3055555555555556,1.5707963267948966,1.5707963267948966,-0.042362593,0.12242316
4,0.07062903254577169,0.20706597973764823,2.053182960548673,1.3188507255245985,0.1044042,0.22250429
5,0.0800610999235786,0.2519890493252436,2.1644351045277457,1.4095417972663271,0.14558026,0.1735918
6,0.08546505845796494,0.3118224754399634,2.2512310008194785,1.5492784212490522,0.1589198,0.12100882
7,0.0818958020964548,0.3782317410858147,2.3117354112353663,1.695180058256908,0.18539038,0.018573172
8,0.06550486339772144,0.4563651175855222,2.321021997430597,1.8512238066008047,0.18328708,-0.062362447
9,0.03707899253640001,0.5348891901183344,2.289840773740087,1.9763037820736673,0.18886179,-0.17031598
10,-0.002828625014414681,0.6157602137145821,2.2046827832844595,2.0721205407910466,0.17711022,-0.27439198
11,-0.047558487166846436,0.6914608827602363,2.067486793794904,2.127121363820171,0.15381733,-0.2642725
12,-0.08922103892557567,0.7573046538575186,1.9353505382922034,2.136637548899096,0.15504064,-0.18530262
13,-0.12990036609038608,0.8233171993923929,1.8426992307093482,2.106762277312097,0.15850809,-0.121584
14,-0.16803670841725207,0.8913656500947487,1.7819072316077094,2.0560092529494667,0.15815812,-0.0754085
15,-0.202110416644178,0.960759863244157,1.7442029799011092,1.9993081888232669,0.16120884,-0.054156363
16,-0.2328618058330399,1.0334401776365032,1.717124798395906,1.9440995480146497,0.16490847,-0.041673586
29,-0.36402033684982454,2.042357486100486,1.2265930185702185,1.43971909687973,0.1886909,0.16847393
47,-1.0045002937520926,0.836427299252378,1.2967901351538043,1.408327725012357,-0.18631235,0.24016383
48,-1.0205120801534118,0.7443190203544517,1.4168720516052584,1.3813417396837846,-0.082518265,0.30848926
0,0.0777777777777779,0.3277777777777778,1.5707963267948966,1.5707963267948966,-0.041221455,0.123584926
4,0.07162093631121522,0.23621858594711653,2.0534219453719,1.329483107560372,0.109796174,0.22434717
5,0.08094462740787339,0.28359715203808183,2.1655955324557166,1.4241255586881145,0.14909065,0.1729564
6,0.08558203187145483,0.3453915330980511,2.2520737359907965,1.5649174484287496,0.15941727,0.10807285
7,0.08098292526682845,0.41229801028629126,2.3061101595547537,1.7091748564960716,0.1834394,0.013408519
8,0.06376458613494923,0.49011472269429746,2.312814419218574,1.8595319697438024,0.18314826,-0.066001564
9,0.03469026494590811,0.5688757131657383,2.2798136370864253,1.980769594184139,0.18674588,-0.16571334
10,-0.0050691804014697875,0.6490736307834574,2.1969569670644145,2.0718733523182835,0.1780256,-0.2700362
11,-0.04997072686937459,0.725316558956093,2.061938871690307,2.1246665352307756,0.15317795,-0.26025817
12,-0.09125696343883449,0.7909998596844972,1.9318097876992564,2.1332608342023893,0.15713608,-0.18735632
13,-0.13223738271706556,0.8580463358832047,1.838131626197372,2.102800679879731,0.15924513,-0.12070498
14,-0.17025120515950815,0.9265542276646634,1.7777791368451457,2.051548901401671,0.15909821,-0.07202223
15,-0.20418162530312634,0.9965024102556503,1.7417680221286158,1.9942856479802398,0.16222543,-0.05201307
16,-0.23476846405210186,1.0698156548101485,1.7157614874329905,1.9391508027228703,0.16647026,-0.042329624
17,-0.26225909437647854,1.1469269568102638,1.6945966752853732,1.8887340259898933,0.17364442,-0.040134087
18,-0.287158139126999,1.228990512568056,1.6745296316829066,1.8432657287964767,0.17883307,-0.040727064
21,-0.34357989886827267,1.4835343402676657,1.5740339356150965,1.7437324355428068,0.14231455,-0.10286334
22,-0.35489774799063695,1.5535280687432729,1.5226022648301463,1.7174780618923045,0.12913339,-0.0927013
28,-0.3686725659360083,1.9961109223420868,1.2494285153832774,1.474077015821748,0.18603009,-0.013739318
29,-0.3570728764888855,2.0866899486695587,1.2425588565554957,1.415496469221479,0.13353355,0.2811597
36,-0.5690632283911025,1.6950156556375715,1.0868484872069697,0.9209382182740183,-0.16076928,-0.17243472
37,-0.6182510075851356,1.6309042531648343,1.000631128498588,0.9154079481336231,-0.1556986,-0.11777207
38,-0.6657310293635051,1.5689686863697128,0.9417450922217707,0.920888066032425,-0.18813002,-0.059608683
39,-0.7223831705520622,1.493876332819058,0.9119407507267336,0.930076668235021,-0.20189577,-0.0652162
40,-0.7816312718134696,1.4124826138343836,0.8793326514449458,0.9563873254775209,-0.19235879,-0.08902569
41,-0.8343923900673629,1.3336705983222854,0.8348198058691363,1.0106991471787303,-0.19421321,-0.04864745
42,-0.8813542689030169,1.252198146575028,0.810496081658874,1.0909154651796753,-0.19000328,0.042049207
43,-0.9197951790956999,1.1697539506868557,0.8315206850555281,1.1819342160285975,-0.20605952,0.13367525
44,-0.9525237081629134,1.0768395393409222,0.8983583087709288,1.2844544681410137,-0.19577652,0.22807857
45,-0.9755492668987923,0.9843404053225657,1.012397595742021,1.3674465295314508,-0.19359887,0.3116045
46,-0.99261781668679,0.8888796450368015,1.1681998456504683,1.414296575556344,-0.17754933,0.38267735
47,-1.0071355254625232,0.7996107548606355,1.3595385188844542,1.3941882761580509,-0.1712113,0.221495
48,-1.0237713014840149,0.7162774495331068,1.470286020138536,1.3455830068884147,-0.056733616,0.2961421
0,0.0777777777777779,0.35,1.5707963267948966,1.5707963267948966,-0.042567752,0.12771292
1,0.07753448013571412,0.3290233242714379,1.634652786948953,1.546447486159256,-0.074765034,0.22896397
4,0.07272686420338584,0.26526851798515944,2.0565385008838515,1.3406243874357102,0.11548885,0.22399262
5,0.08184310459221938,0.3151455044835382,2.168534808852945,1.439892349732452,0.15148753,0.16882679
6,0.0855762484401657,0.3783714731347451,2.252948203184877,1.5808700201899983,0.15591499,0.09766745
7,0.08018298851155989,0.44413655088270865,2.3017819272961955,1.7197533929592421,0.18249574,0.008306883
8,0.06227425259364874,0.521903504358235,2.30593536893395,1.866287709647083,0.18310177,-0.06911467
9,0.032661088602353776,0.6008770068116942,2.2713780338552336,1.984385207595989,0.1857394,-0.16171893
10,-0.007136014140586488,0.6808332757408875,2.1905185664680342,2.071805600342087,0.17913932,-0.26845297
11,-0.05228834463420594,0.757672441990084,2.056292080381189,2.122876613614809,0.15240413,-0.2557038
12,-0.09319939432065308,0.8231119351164177,1.9284401769426207,2.1303596083298264,0.15797824,-0.185639
13,-0.13416902932696811,0.8906243767132994,1.8356206799533705,2.099361644443565,0.16047493,-0.11968078
14,-0.17222320240609398,0.9597958241756662,1.7757802913573126,2.047761718399786,0.16040978,-0.07148445
15,-0.2061690307141429,1.0304702226942382,1.7400380680945258,1.9903672361634657,0.1636082,-0.051817387
16,-0.2367382423894693,1.1045559064253934,1.7141293744232993,1.9352554647223963,0.16809535,-0.042511493
17,-0.26420658656579155,1.1825556966451418,1.6928736279394965,1.8849109062730927,0.17587143,-0.04128556
18,-0.2891179344490299,1.265795922399851,1.6722308481719832,1.8394810808513293,0.17943272,-0.041488692
19,-0.31096514047815915,1.3519985958364962,1.6514865020897727,1.799505087573949,0.17747545,-0.0704512
20,-0.3295864340828658,1.438280934495339,1.6162609020855765,1.767065506124503,0.15705884,-0.111635774
21,-0.34395322580582294,1.5153135986573036,1.5604430148985724,1.7419481853947596,0.1356155,-0.103276595
22,-0.3545935373831579,1.5819942507506288,1.5088047171619277,1.7151735506943584,0.12691873,-0.088199615
23,-0.36271668705347304,1.644418530834244,1.4647049094226698,1.684733499495719,0.12636475,-0.08202128
28,-0.3639886455436108,2.033552692536466,1.2341673682120184,1.457914064192829,0.19588006,0.11047149
38,-0.6985861917903979,1.5420726115778498,0.9116736958411078,0.9131004014105103,-0.19795474,-0.05657664
39,-0.7584621388630424,1.4633856631241888,0.883385376134191,0.930049187681255,-0.19207168,-0.08767745
40,-0.8139438353610983,1.3859653904737734,0.8395466516402106,0.9725904239865445,-0.18605709,-0.084022895
41,-0.8624735310974501,1.309505283702769,0.7975352043893675,1.043922169141308,-0.17295578,-0.0067128837
42,-0.9012618968454217,1.2363699581873449,0.7941787625339369,1.1267003026655253,-0.20286593,0.10513049
43,-0.9385283694759287,1.1469580000682695,0.8467440093543868,1.2279668806416806,-0.20159876,0.1902125
44,-0.9667476711606692,1.0540941188021196,0.9418502608921866,1.3236370064057257,-0.19302204,0.26437533
45,-0.9866339852666474,0.9610829768786933,1.0740379254010062,1.3932242786133509,-0.1967586,0.33860448
46,-1.0024787619902018,0.8629473772855197,1.2433401654150824,1.4203182221819035,-0.18354762,0.30036443
47,-1.0169054962106316,0.7714002698183309,1.3935223827746253,1.3998484983805561,-0.131957,0.2894363
48,-1.0297291627189098,0.7085593031009619,1.5382405380394797,1.3307136394495391,-0.07844552,0.30900538
49,-1.0386411287554307,0.6777571349731096,1.6927432278778891,1.2400767830866357,-0.23519099,0.6435583
0,0.1000000000000001,0.15,1.5707963267948966,1.5707963267948966,-0.06139762,0.17127135
2,0.09582884083225379,0.07260016454322787,1.8201474557307105,1.4403650528779937,-0.05708366,0.2838577
3,0.09271514032049953,0.05448116518709708,1.9620763073351721,1.3538614072823312,0.004078537,0.24462417
4,0.09484581856581652,0.06352926614079384,2.0843883911755423,1.3265644433619992,0.08149243,0.19807076
5,0.10233670327395579,0.09883680130386141,2.1834237734463553,1.3976618274779673,0.12384741,0.1568911
6,0.10785950463591039,0.14869092093115202,2.2618693197753768,1.5213225532645733,0.17132753,0.09590836
30,-0.3533210700148665,1.9492308026259206,1.2509668181326727,1.4562469321365439,0.176101,-0.029563248
0,0.1000000000000001,0.1722222222222222,1.5707963267948966,1.5707963267948966,-0.055295467,0.15580899
2,0.09622466126755394,0.0974805187067987,1.8011952201512198,1.4513351665897667,-0.06247572,0.2918754
3,0.09281656587889049,0.07647459319187794,1.9471329162505011,1.3612670301046672,-0.00700251,0.2536211
4,0.09399016333269507,0.08145846920869172,2.0739434669401984,1.320928815936493,0.08078785,0.20437464
5,0.10171770794916152,0.11672978115880557,2.1761307875302176,1.3901814263531764,0.12762065,0.16380666
6,0.10770840944203218,0.1681360365023315,2.258034118511949,1.5173745871439137,0.16759765,0.107828826
7,0.10559539839129203,0.23633649538894227,2.311948531368051,1.6799364266591774,0.21468535,0.02359952
8,0.08675262114791484,0.32667215287722967,2.3237482915308814,1.8612122073227966,0.19940943,-0.057410046
9,0.05445858974361205,0.41220789722527557,2.295043268301759,1.9927307123899791,0.19177842,-0.16943505
10,0.012529961494548495,0.49398763995351286,2.2103257412698607,2.0864136105220834,0.17819792,-0.30131555
30,-0.3572270775435621,1.9687311937733891,1.2458719919112067,1.4522212787914894,0.18329048,0.0013382286
0,0.1000000000000001,0.1944444444444444,1.5707963267948966,1.5707963267948966,-0.051398702,0.14310157
5,0.10189002933347509,0.14018954859707541,2.172838189699922,1.3942331454986023,0.1304079,0.16875455
6,0.1077966081113967,0.19305569870578096,2.25721546361712,1.5228336557942328,0.16640475,0.11446772
7,0.10542482361911627,0.26115036342785297,2.314449322470699,1.6825880858692237,0.20916599,0.024202898
8,0.08705711325354164,0.3490806775991449,2.32655077154306,1.8597298583118025,0.19709775,-0.055289805
9,0.055339033598609935,0.4335214303048947,2.298905869075332,1.9910128663185407,0.19510671,-0.16739097
10,0.012759804381372964,0.5166590235972152,2.2152103828873972,2.0870121715129226,0.1785576,-0.29163533
30,-0.35927351014905284,1.9983845131201299,1.2361373277988772,1.4427045825540008,0.18835977,0.08173819
0,0.1000000000000001,0.2166666666666666,1.5707963267948966,1.5707963267948966,-0.046510883,0.13427685
1,0.09971834424213132,0.1937546460324598,1.6379347528007369,1.544890664890455,-0.09491459,0.2732509
4,0.09437611721260009,0.12900269419013166,2.0635826225068907,1.3295401276019903,0.08812517,0.2146864
5,0.10241017163285596,0.16770049390419894,2.170925819375787,1.403609689349703,0.13321215,0.17233145
6,0.10795839651145202,0.2221778784299178,2.257091545560632,1.5330168218497855,0.16594273,0.119050644
7,0.10498648260533398,0.29058211617544444,2.3166168677296977,1.6899537289089015,0.20338324,0.020610102
8,0.08673082470521548,0.3761004906955746,2.3269219184902052,1.8616906460640534,0.19612092,-0.05507055
9,0.055035248548881616,0.4601158186156966,2.2993866438653807,1.9920284343531862,0.19556934,-0.16561365
10,0.012266040593730097,0.5434328203160363,2.2165798182275633,2.0878993861118813,0.17865273,-0.28288347
29,-0.3687826710759932,1.9462880926308448,1.263209336498056,1.480210178872221,0.17258266,-0.07319234
30,-0.35901260789588124,2.030862612608795,1.2266131649401526,1.43192969789329,0.1872471,0.16890523
0,0.1000000000000001,0.2388888888888888,1.5707963267948966,1.5707963267948966,-0.04069133,0.1276477
1,0.09976863973831328,0.21884846026519783,1.6346201757576804,1.5465990924708037,-0.085841455,0.25187212
4,0.09469338425625388,0.1552507732652995,2.057186917462621,1.3355430758156377,0.09304759,0.22117768
5,0.10288796065718371,0.19627028899915686,2.1677757586028914,1.412710212842418,0.13494167,0.17581584
6,0.10806712111459137,0.2519751346088122,2.255683676400457,1.541583885923558,0.16433355,0.12494784
7,0.10466541003168889,0.32021777956601644,2.3181575956430773,1.6946283524229957,0.19703606,0.019308455
8,0.0868378403606211,0.4030583376952797,2.3278118232872824,1.8609618873736868,0.1949647,-0.053785592
9,0.05542844480040944,0.48654782866815505,2.300919027128492,1.9910184029900262,0.19498521,-0.16009918
10,0.012898547449028139,0.5696100644427758,2.220869437852178,2.0870174617095105,0.17849636,-0.27439526
11,-0.033323253405958084,0.6451996056007663,2.0836718092348914,2.142402383322619,0.14915663,-0.2664687
12,-0.07477035300110707,0.7084531948854282,1.9504374573614935,2.1532459953413667,0.14858016,-0.18841472
13,-0.11492085303290199,0.7710961455122416,1.8562300960209708,2.1255286127422317,0.153853,-0.12383258
29,-0.3677677326681858,1.9765623930533334,1.2524732361224036,1.470128836739832,0.17962459,-0.03519222
30,-0.35646287172797647,2.064210781169039,1.2348771254208426,1.4167340196210478,0.16649091,0.24866298
47,-0.9899569628936868,0.9029139738320946,1.140600406625543,1.4095591536837455,-0.18155965,0.3912094
48,-1.00492940218,0.8115206417336436,1.3362051034953932,1.3965161484187651,-0.17859158,0.21954688
49,-1.0217879596582615,0.7240466799102434,1.4459785456445555,1.356762990254872,-0.060353316,0.30022287
0,0.1000000000000001,0.2611111111111111,1.5707963267948966,1.5707963267948966,-0.03515462,0.12164052
1,0.09981185551182094,0.24380662924733992,1.6316165859487395,1.548125101642172,-0.07696226,0.23509496
4,0.0952591925498668,0.18344918074239577,2.052071207263742,1.3437024947286311,0.09765497,0.22727513
5,0.10348295456246251,0.22672586169696052,2.165708773830209,1.423388544204137,0.13933603,0.17858882
6,0.10818952885945347,0.2847211220057505,2.2550031850722174,1.5542921838969845,0.16512197,0.12407189
7,0.10393854134382287,0.35377917229008554,2.3170391293850283,1.7053658567562198,0.18910372,0.021000616
8,0.08628150926021727,0.4335739901531103,2.3275394375112395,1.8628574561630566,0.19348115,-0.05336733
9,0.054999002907681206,0.516443518627519,2.300855771699224,1.9915387794162425,0.19457391,-0.15482396
10,0.012539673383698399,0.5993490834568511,2.2234437922623496,2.0868946418307934,0.18049955,-0.26579273
11,-0.03416342995827275,0.6757459545734366,2.0905474285271506,2.1424066528369647,0.15097633,-0.27697313
12,-0.07621255052777573,0.7397438057095402,1.9520608643677573,2.1553452026804236,0.15076172,-0.19299969
29,-0.36637404775365917,2.013670723449157,1.238658637800489,1.4559337785516087,0.19124562,0.069859356
47,-1.0004546818550721,0.8638714241445422,1.2328083450582366,1.4183952938253137,-0.18091372,0.31296942
48,-1.0148956100145314,0.7735665685115071,1.3892930532482008,1.3969762948161746,-0.13865855,0.27549052
49,-1.0285316919201064,0.7072864889650262,1.5270383144405226,1.3304544905650482,-0.06948211,0.30674317
0,0.1000000000000001,0.2833333333333333,1.5707963267948966,1.5707963267948966,-0.030763745,0.11830927
1,0.09984156962455269,0.2682063160984345,1.6299509602275233,1.5490437239429542,-0.06760024,0.22619061
3,0.09463093818115223,0.20656679415100823,1.9063360961761813,1.3948059278236344,-0.0035626516,0.28591454
4,0.09594476798337721,0.21308644961041304,2.0492933663215975,1.3522869316544224,0.098848365,0.2316262
5,0.10396165561136117,0.25724236090567626,2.1651064651694636,1.431275160605293,0.14494942,0.180928
6,0.10827587414967156,0.3178594897439946,2.255570468553577,1.5660551590725318,0.16486147,0.11540912
7,0.10326404246054703,0.38706123675694937,2.313275029012237,1.715143743329591,0.18689567,0.020279199
8,0.08513326061456947,0.46629940991259555,2.323414628454719,1.8678428616143958,0.19321567,-0.05545354
9,0.053480661771222064,0.5492045603801434,2.2956878590073924,1.994189611992987,0.19323751,-0.14964935
10,0.011140312768813497,0.6316678365585111,2.220863183089767,2.086703097010595,0.18255508,-0.25894898
11,-0.03604845465495052,0.7089944712488497,2.0913886922088007,2.1411787027577454,0.15162018,-0.28046155
12,-0.07822802182897784,0.7733085302678382,1.9511579173293452,2.1547606487722577,0.15235084,-0.19421872
13,-0.11946505327037951,0.8374924856865407,1.8540485548463206,2.126042864881985,0.15793657,-0.12920056
28,-0.37201276828777385,1.9664949771151545,1.2638381692257266,1.4916434157110179,0.1757713,-0.076251075
29,-0.36290838931767555,2.052593509580091,1.225712631889854,1.4399191212150968,0.18814018,0.1849394
39,-0.7094231707250181,1.5218605870960962,0.9126033010568957,0.9209400125975103,-0.20022103,-0.063241705
40,-0.7691421835618857,1.4417323446716734,0.8809824484076838,0.9426580685904613,-0.19185406,-0.08697447
41,-0.8232471875698141,1.3637648802206241,0.8374952125039439,0.9905586079435353,-0.18995637,-0.066491574
42,-0.8711251574409631,1.284902605222699,0.8042494254794459,1.0656538601730767,-0.17823288,0.014833093
43,-0.9093741840782242,1.2086015601995486,0.811665971824203,1.150579276500091,-0.20407134,0.11631348
44,-0.9447061233999259,1.1177151018523268,0.8698227117445807,1.2520476549908957,-0.20010427,0.19924808
45,-0.970687886687925,1.024667058060823,0.9694467494871954,1.3445431139733726,-0.1921404,0.28970236
46,-0.9891020173859159,0.9310061431271177,1.1142979274180274,1.4041183754098683,-0.19068697,0.37101218
0,0.1000000000000001,0.3055555555555556,1.5707963267948966,1.5707963267948966,-0.026549552,0.116132244
4,0.09668250961411533,0.24294036991573004,2.0469254786756377,1.361800241461856,0.10314025,0.23513079
5,0.10456926627137186,0.2891837613301477,2.1644908721235137,1.4431446216940738,0.14855626,0.18024623
6,0.10823327752264975,0.3517377487365489,2.254613989093576,1.5791593388420024,0.16145107,0.10551472
7,0.10258788074234736,0.41983712348285485,2.3073713491347174,1.7230142929461554,0.18539542,0.01708816
8,0.08404526662140734,0.49881416497524317,2.31591542909411,1.8715739072429496,0.19263646,-0.056359574
9,0.0521900363510076,0.5817358752967139,2.2877356419947485,1.994803975930567,0.19165292,-0.14166164
10,0.010206487591619236,0.6637638241517032,2.2169048200037818,2.0840218898754603,0.18245676,-0.2503391
11,-0.03670001994555711,0.7412044117656466,2.091735274591718,2.1375168368499815,0.15372616,-0.27936187
12,-0.07921606071168061,0.8065167393450724,1.9520543376591544,2.151511452860949,0.15239066,-0.19250667
13,-0.12028787405242707,0.8708480902633783,1.8558010021832327,2.1235661720590393,0.16023183,-0.13332245
14,-0.15999811325222074,0.9390202647320468,1.7891397784140448,2.0722334883407205,0.159334,-0.07757416
15,-0.1953150839995358,1.0082952535461058,1.7503526965763907,2.013205118932091,0.16225189,-0.055097952
28,-0.36857330533152516,2.0063111272593055,1.2476924146201949,1.476063500233668,0.18921024,0.0020104796
47,-1.0091570807845929,0.7931951173352769,1.3701809319343905,1.3942721961798645,-0.16614184,0.22787914
48,-1.0254235805158531,0.7126183552851879,1.4841205003347735,1.3409981547990573,-0.054602705,0.29892093
0,0.1000000000000001,0.3277777777777778,1.5707963267948966,1.5707963267948966,-0.026087064,0.118124396
3,0.09522837756531671,0.260053820890171,1.9002539003875594,1.4027753841578123,0.010392286,0.2908464
4,0.09749339504181416,0.2722011928528482,2.0456771040943007,1.372014353761406,0.10729828,0.23689483
5,0.10516032249178732,0.3204568171810054,2.1641245196249823,1.4556434053365228,0.14580393,0.17114656
7,0.10256873797482546,0.44724874129338127,2.301975851007972,1.7212854192978122,0.18321955,0.019026987
8,0.08445885626071761,0.5254898351594055,2.311489344635282,1.8673130094625772,0.19202203,-0.05372776
9,0.05307957918886201,0.6083072878645949,2.284625464179788,1.99001220816966,0.19079074,-0.12962738
10,0.011725280115976825,0.6901781905324071,2.2198117757823805,2.0785738801437326,0.18024647,-0.23198536
11,-0.034116574382136416,0.7667912937215076,2.103819095590387,2.132720273796007,0.163286,-0.28331214
12,-0.0789722853648865,0.8361813615725098,1.9621630246427397,2.1493053732440086,0.15256754,-0.19566095
13,-0.12011140287356027,0.9007062686716705,1.8643325502660613,2.12433692479501,0.16248631,-0.14242208
14,-0.16058455676804834,0.9699110377560346,1.7931215102460722,2.074648580676723,0.16098666,-0.08101891
15,-0.19646062722878904,1.0398596414556218,1.7526120553400855,2.0156093281051084,0.16374224,-0.056637004
16,-0.2287565322343518,1.113109767524153,1.7242935533311705,1.957871305130393,0.16814652,-0.0455568
17,-0.2578272402887825,1.1903906150541632,1.7015151540425162,1.9047547724851086,0.17555746,-0.042646304
18,-0.2841857415267342,1.2728838699495233,1.680192002156053,1.8566987308240162,0.17919508,-0.04282686
19,-0.3073601339388492,1.3585201669152536,1.658778571584497,1.814505884705173,0.1792466,-0.06573714
20,-0.3273225318619835,1.4453106789583976,1.6259100000050406,1.779350800409351,0.1586402,-0.114952356
21,-0.34276182657667603,1.5229340499713977,1.568433822193418,1.7535142987230938,0.13691977,-0.10525122
22,-0.3542485177972101,1.5901124873276884,1.5158082107689719,1.7258211148779998,0.12715486,-0.09128071
23,-0.3630378633316995,1.6525569971458827,1.4701678539302687,1.6949162120155041,0.1260561,-0.08373581
28,-0.36725273052522633,2.0424067494676197,1.2345270747926573,1.4628592664298403,0.19739738,0.11292934
47,-1.017603894063619,0.7705626633196455,1.3969149152424674,1.4007387846677788,-0.12905201,0.2933954
48,-1.030095288959555,0.7092359909707157,1.5436126152661185,1.3305742626163142,-0.08361969,0.3095935
49,-1.0396827165027744,0.6763151462483209,1.6984093646195273,1.2362431431684269,-0.22914836,0.6671312
0,0.1000000000000001,0.35,1.5707963267948966,1.5707963267948966,-0.02763088,0.122279726
1,0.09985450719203036,0.33645434390068907,1.6319361897793154,1.5485349006783624,-0.049024783,0.2190884
5,0.10555770141890294,0.3501928164984537,2.1601183685150485,1.4656662537501346,0.13428198,0.15886116
6,0.10812503414826752,0.4075130667959508,2.2395489486542086,1.5846583893614978,0.14520939,0.10339819
7,0.1032471920028236,0.46949266426954467,2.2912480431285243,1.7105057973258035,0.17839566,0.027915224
8,0.08660570891161744,0.5459447243812076,2.305205655344997,1.8525234852172614,0.19015047,-0.04507041
9,0.05681446053442843,0.6281798833049606,2.2826704504576067,1.9758370781272763,0.18901077,-0.10879794
10,0.0170757859074818,0.7096410997992076,2.228271481641803,2.0655761533571004,0.18263525,-0.20632872
11,-0.028325327321111156,0.7874943370251802,2.125107121714626,2.123544838136148,0.17519835,-0.29256523
12,-0.07593345187920333,0.8620187414846361,1.9788245084371905,2.146638079213315,0.15377133,-0.20530576
13,-0.1174911551403175,0.9272070890538444,1.8761716308679919,2.1264713558419372,0.16478783,-0.15480608
14,-0.15889339729579088,0.997430508131359,1.7987685921278338,2.079161874828413,0.16245243,-0.085747615
15,-0.19544414951558187,1.0678944681589178,1.7558947848763804,2.0201906573198674,0.16495818,-0.05872807
16,-0.22829428872260493,1.1415419890649356,1.7265307503428797,1.9618794803100637,0.17020631,-0.04789163
17,-0.25799517053038434,1.21965323625853,1.7025849344816546,1.90787018962444,0.17639518,-0.044193923
18,-0.2847060938381925,1.3024481106866945,1.6804879727449755,1.8591896117732376,0.17953575,-0.04326512
19,-0.30810509309722683,1.388174649452259,1.6588554131474833,1.816386061351841,0.17544463,-0.081214905
20,-0.3279049422151042,1.473130217591956,1.6182479607549052,1.7828094934667638,0.15394524,-0.11435467
28,-0.3650431544361985,2.072631324454647,1.2265306385841708,1.4517598699056498,0.18994424,0.19040982
29,-0.35020540702921543,2.1641053704474356,1.321735550710235,1.377451022436946,-0.12450098,0.26172802
38,-0.7104865008247498,1.5327517612804165,0.9160025315966944,0.9240312133974378,-0.20022184,-0.062024146
39,-0.7699791313301291,1.4524450067126737,0.8849904584374766,0.9452733015755224,-0.1928033,-0.0847687
40,-0.824208816047756,1.3739326388034658,0.8426061096277575,0.9922175616822778,-0.18991038,-0.06742497
41,-0.8720211018923135,1.2949696185953947,0.8088936256852488,1.066309099511557,-0.17752555,0.0107584
42,-0.9101060074345648,1.2189373472432685,0.8142728256669383,1.1505966679050719,-0.20357746,0.11421099
43,-0.9454010478834411,1.128243929484844,0.8713783221927027,1.2513095365851088,-0.20017996,0.19571924
44,-0.9714521916496262,1.035206338375633,0.9692379432406764,1.3439504709844126,-0.19192752,0.28503257
45,-0.9898457978670275,0.9417421235740491,1.111754228421722,1.4045233389321807,-0.19351658,0.3587405
46,-1.0051932372243273,0.8447019334832264,1.2911244826999049,1.4140881343956955,-0.18625191,0.25113067
47,-1.0206241226942776,0.752429130737609,1.4166898178544383,1.3881878122111126,-0.097146235,0.30354035
48,-1.0304310894844944,0.7075625473717924,1.5684599923577647,1.3160164537900905,-0.11788269,0.3050887
49,-1.0452576688564732,0.6611685627843875,1.7210043417897563,1.195430021918483,-0.15674493,0.8222269
